user_id,install_dt,country,install_device,last_device,is_paying
1082,2021-01-01,United Kingdom,iOS,iOS,0
1185,2021-01-01,United States,Android,Android,0
1268,2021-01-01,United States,Android,Android,0
1431,2021-01-01,Japan,Android,Android,0
1567,2021-01-01,Mexico,iOS,iOS,0
1573,2021-01-01,United States,iOS,iOS,0
2220,2021-01-01,Israel,iOS,iOS,0
2250,2021-01-01,Mexico,iOS,iOS,0
2291,2021-01-01,Israel,Android,Android,0
2513,2021-01-01,Japan,iOS,iOS,0
2519,2021-01-01,Mexico,iOS,iOS,0
2644,2021-01-01,United States,iOS,iOS,0
2654,2021-01-01,Mexico,iOS,iOS,0
2691,2021-01-01,Israel,iOS,iOS,0
2818,2021-01-01,United Kingdom,iOS,iOS,0
2832,2021-01-01,Mexico,iOS,iOS,0
3002,2021-01-01,United States,iOS,iOS,0
3138,2021-01-01,Japan,iOS,Android,0
3202,2021-01-01,Japan,iOS,iOS,0
3208,2021-01-01,United Kingdom,iOS,iOS,0
1165,2021-01-02,United Kingdom,iOS,iOS,0
1397,2021-01-02,Mexico,Android,Android,0
1454,2021-01-02,United Kingdom,iOS,iOS,0
1552,2021-01-02,Mexico,Android,Android,0
1584,2021-01-02,Japan,iOS,iOS,0
1839,2021-01-02,Mexico,iOS,Android,0
2155,2021-01-02,Israel,iOS,iOS,0
2233,2021-01-02,Israel,iOS,iOS,0
2686,2021-01-02,Japan,iOS,iOS,0
2813,2021-01-02,Israel,iOS,iOS,0
2966,2021-01-02,Israel,iOS,iOS,0
3216,2021-01-02,Israel,Android,Android,0
3260,2021-01-02,Japan,iOS,iOS,0
3377,2021-01-02,Mexico,iOS,iOS,0
1224,2021-01-03,United States,iOS,iOS,0
1377,2021-01-03,Mexico,iOS,iOS,0
1380,2021-01-03,Japan,iOS,iOS,0
1707,2021-01-03,Japan,iOS,iOS,0
1851,2021-01-03,United States,iOS,iOS,0
2252,2021-01-03,United States,Android,Android,0
2342,2021-01-03,Mexico,iOS,iOS,0
2365,2021-01-03,Mexico,iOS,iOS,0
2493,2021-01-03,Japan,iOS,iOS,0
2718,2021-01-03,United States,iOS,iOS,0
2733,2021-01-03,United Kingdom,Android,Android,0
2755,2021-01-03,Israel,iOS,iOS,0
2765,2021-01-03,United Kingdom,iOS,iOS,0
2875,2021-01-03,United Kingdom,iOS,iOS,0
3066,2021-01-03,United States,iOS,iOS,0
3264,2021-01-03,United States,Android,Android,0
3365,2021-01-03,United States,iOS,iOS,0
1248,2021-01-04,Mexico,iOS,iOS,0
1591,2021-01-04,Israel,iOS,iOS,0
1685,2021-01-04,Japan,iOS,iOS,0
1966,2021-01-04,Israel,iOS,iOS,0
1980,2021-01-04,Japan,iOS,iOS,0
2187,2021-01-04,United States,iOS,iOS,0
2532,2021-01-04,United States,iOS,iOS,0
2545,2021-01-04,Japan,iOS,iOS,0
2553,2021-01-04,Japan,Android,Android,0
3001,2021-01-04,United Kingdom,Android,Android,0
3084,2021-01-04,Japan,iOS,iOS,0
3230,2021-01-04,Israel,iOS,iOS,0
1037,2021-01-05,United States,Android,Android,0
1307,2021-01-05,Japan,iOS,iOS,0
1358,2021-01-05,United States,Android,Android,0
1445,2021-01-05,United States,iOS,iOS,0
1486,2021-01-05,Israel,iOS,iOS,0
1511,2021-01-05,Mexico,Android,Android,0
1891,2021-01-05,United States,Android,Android,0
2203,2021-01-05,Israel,iOS,iOS,0
2527,2021-01-05,United States,iOS,iOS,0
2588,2021-01-05,Japan,iOS,iOS,0
2761,2021-01-05,Japan,iOS,iOS,0
2884,2021-01-05,United States,Android,Android,0
2891,2021-01-05,United States,iOS,iOS,0
2908,2021-01-05,Japan,iOS,iOS,0
2940,2021-01-05,Japan,iOS,iOS,0
3037,2021-01-05,Mexico,iOS,iOS,0
1030,2021-01-06,United States,Android,Android,0
1239,2021-01-06,Japan,iOS,iOS,0
1379,2021-01-06,Mexico,iOS,iOS,0
1508,2021-01-06,Japan,iOS,iOS,0
1543,2021-01-06,Israel,iOS,iOS,0
1560,2021-01-06,Japan,iOS,iOS,0
1766,2021-01-06,United States,iOS,iOS,0
1790,2021-01-06,Israel,iOS,Android,0
2112,2021-01-06,Mexico,iOS,iOS,0
2226,2021-01-06,Mexico,iOS,iOS,0
2428,2021-01-06,Mexico,Android,Android,0
2928,2021-01-06,Japan,Android,Android,0
3050,2021-01-06,United States,Android,Android,0
3215,2021-01-06,United States,iOS,iOS,0
3279,2021-01-06,Japan,Android,Android,0
1166,2021-01-07,United Kingdom,iOS,iOS,0
1196,2021-01-07,United States,iOS,iOS,0
1495,2021-01-07,United States,iOS,iOS,0
1669,2021-01-07,United Kingdom,iOS,iOS,0
1875,2021-01-07,United Kingdom,Android,Android,0
2097,2021-01-07,United States,Android,Android,0
2101,2021-01-07,United States,Android,Android,0
2159,2021-01-07,United States,Android,Android,0
2313,2021-01-07,Japan,iOS,iOS,0
2356,2021-01-07,United Kingdom,iOS,iOS,0
2525,2021-01-07,Japan,Android,Android,0
2747,2021-01-07,Japan,iOS,iOS,0
2758,2021-01-07,Mexico,Android,Android,0
2763,2021-01-07,Israel,Android,Android,0
2820,2021-01-07,Israel,iOS,iOS,0
2948,2021-01-07,Israel,Android,Android,0
3080,2021-01-07,United States,Android,Android,0
3115,2021-01-07,Israel,iOS,iOS,0
3145,2021-01-07,United Kingdom,iOS,iOS,0
1006,2021-01-08,Mexico,iOS,iOS,0
1036,2021-01-08,United Kingdom,iOS,iOS,0
1187,2021-01-08,Israel,iOS,iOS,0
1190,2021-01-08,Japan,iOS,iOS,0
1419,2021-01-08,United Kingdom,iOS,iOS,0
1430,2021-01-08,United States,Android,Android,0
1646,2021-01-08,Japan,iOS,iOS,0
1782,2021-01-08,Israel,iOS,iOS,0
1809,2021-01-08,United States,iOS,iOS,0
1821,2021-01-08,Israel,iOS,iOS,0
1955,2021-01-08,Mexico,Android,Android,0
2014,2021-01-08,Israel,Android,Android,0
2053,2021-01-08,Israel,iOS,iOS,0
2378,2021-01-08,Israel,iOS,iOS,0
2597,2021-01-08,Israel,iOS,iOS,0
2646,2021-01-08,Israel,iOS,iOS,0
2724,2021-01-08,United States,Android,Android,0
3033,2021-01-08,Israel,iOS,iOS,0
3191,2021-01-08,Mexico,iOS,iOS,0
3269,2021-01-08,United States,iOS,iOS,0
3325,2021-01-08,United States,Android,Android,0
1099,2021-01-09,United Kingdom,Android,Android,0
1525,2021-01-09,United Kingdom,iOS,iOS,0
1625,2021-01-09,Israel,iOS,iOS,0
1732,2021-01-09,United States,Android,Android,0
1852,2021-01-09,Israel,iOS,iOS,0
1950,2021-01-09,United Kingdom,iOS,iOS,0
2315,2021-01-09,United Kingdom,Android,Android,0
2438,2021-01-09,Mexico,iOS,iOS,0
2602,2021-01-09,Japan,Android,Android,0
2943,2021-01-09,Mexico,iOS,iOS,0
2985,2021-01-09,United Kingdom,Android,Android,0
1011,2021-01-10,United States,Android,Android,0
1018,2021-01-10,Israel,iOS,iOS,0
1149,2021-01-10,United States,Android,Android,0
1183,2021-01-10,United States,iOS,iOS,0
1228,2021-01-10,Mexico,iOS,iOS,0
1556,2021-01-10,Israel,iOS,iOS,0
1659,2021-01-10,Japan,iOS,iOS,0
2063,2021-01-10,United Kingdom,Android,Android,0
2072,2021-01-10,United Kingdom,iOS,iOS,0
2195,2021-01-10,Israel,iOS,iOS,0
2520,2021-01-10,Japan,iOS,iOS,0
1048,2021-01-11,Mexico,Android,iOS,0
1172,2021-01-11,Mexico,iOS,iOS,0
1366,2021-01-11,United States,Android,Android,0
1434,2021-01-11,Israel,iOS,iOS,0
1521,2021-01-11,United Kingdom,Android,Android,0
1760,2021-01-11,United States,Android,Android,0
2002,2021-01-11,United Kingdom,Android,Android,0
2049,2021-01-11,Japan,iOS,iOS,0
2051,2021-01-11,Japan,Android,Android,0
2329,2021-01-11,Israel,iOS,iOS,0
2485,2021-01-11,Israel,iOS,iOS,0
2682,2021-01-11,United States,iOS,iOS,0
2721,2021-01-11,Japan,iOS,iOS,0
2854,2021-01-11,Israel,iOS,iOS,0
3135,2021-01-11,United States,Android,Android,0
3275,2021-01-11,Mexico,iOS,iOS,0
1069,2021-01-12,Israel,iOS,iOS,0
1312,2021-01-12,Japan,iOS,iOS,0
1313,2021-01-12,United Kingdom,iOS,iOS,0
1344,2021-01-12,United States,iOS,iOS,0
1360,2021-01-12,Japan,Android,Android,0
1468,2021-01-12,Japan,iOS,iOS,0
1481,2021-01-12,Israel,iOS,iOS,0
1483,2021-01-12,United States,Android,Android,0
1873,2021-01-12,Mexico,iOS,iOS,0
1883,2021-01-12,Israel,iOS,iOS,0
1941,2021-01-12,Israel,iOS,iOS,0
2091,2021-01-12,United Kingdom,Android,Android,0
2175,2021-01-12,Japan,iOS,iOS,0
2302,2021-01-12,United States,Android,Android,0
2408,2021-01-12,Israel,Android,Android,0
2604,2021-01-12,Mexico,iOS,iOS,0
2687,2021-01-12,Japan,iOS,iOS,0
2858,2021-01-12,Mexico,iOS,iOS,0
2876,2021-01-12,United Kingdom,iOS,Android,0
2898,2021-01-12,United States,Android,Android,0
2932,2021-01-12,Israel,iOS,Android,0
3028,2021-01-12,Japan,iOS,iOS,0
3068,2021-01-12,United Kingdom,iOS,iOS,0
3150,2021-01-12,Mexico,Android,Android,0
3211,2021-01-12,Mexico,iOS,iOS,0
3232,2021-01-12,Japan,iOS,iOS,0
3367,2021-01-12,Japan,Android,Android,0
1178,2021-01-13,United States,iOS,iOS,0
1858,2021-01-13,United Kingdom,iOS,iOS,0
2042,2021-01-13,United Kingdom,iOS,iOS,0
2200,2021-01-13,Mexico,iOS,iOS,0
2240,2021-01-13,Japan,iOS,iOS,0
2339,2021-01-13,United Kingdom,Android,Android,0
2474,2021-01-13,Japan,Android,Android,0
2479,2021-01-13,United Kingdom,iOS,iOS,0
2558,2021-01-13,Mexico,Android,Android,0
2667,2021-01-13,Israel,iOS,iOS,0
2776,2021-01-13,Israel,iOS,iOS,0
2917,2021-01-13,Japan,iOS,iOS,0
2925,2021-01-13,Israel,iOS,iOS,0
2954,2021-01-13,Israel,iOS,iOS,0
2955,2021-01-13,United States,Android,Android,0
3124,2021-01-13,Japan,iOS,iOS,0
3188,2021-01-13,United Kingdom,iOS,iOS,0
3206,2021-01-13,United States,Android,Android,0
3221,2021-01-13,Mexico,iOS,Android,0
3393,2021-01-13,Israel,iOS,iOS,0
1059,2021-01-14,United Kingdom,iOS,iOS,0
1092,2021-01-14,United Kingdom,Android,Android,0
1156,2021-01-14,United Kingdom,iOS,iOS,0
1399,2021-01-14,United States,Android,Android,0
1534,2021-01-14,Israel,Android,Android,0
1647,2021-01-14,United States,Android,Android,0
1720,2021-01-14,United States,iOS,iOS,0
1727,2021-01-14,Mexico,iOS,iOS,0
1807,2021-01-14,United Kingdom,Android,Android,0
2133,2021-01-14,Mexico,iOS,Android,0
2234,2021-01-14,Japan,Android,Android,0
2295,2021-01-14,United Kingdom,iOS,iOS,0
2322,2021-01-14,United States,iOS,iOS,0
2385,2021-01-14,Mexico,iOS,iOS,0
2494,2021-01-14,United States,iOS,iOS,0
2636,2021-01-14,Mexico,iOS,iOS,0
2788,2021-01-14,United States,iOS,iOS,0
2962,2021-01-14,Israel,iOS,iOS,0
3079,2021-01-14,Israel,iOS,iOS,0
3253,2021-01-14,Japan,iOS,iOS,0
3267,2021-01-14,Japan,iOS,iOS,0
1014,2021-01-15,Japan,iOS,iOS,0
1299,2021-01-15,United Kingdom,Android,Android,0
1759,2021-01-15,Israel,iOS,iOS,0
1932,2021-01-15,United States,Android,Android,0
2046,2021-01-15,United Kingdom,Android,Android,0
2259,2021-01-15,United States,iOS,iOS,0
2872,2021-01-15,Israel,iOS,iOS,0
3030,2021-01-15,Israel,iOS,iOS,0
3286,2021-01-15,United States,iOS,iOS,0
3421,2021-01-15,Israel,iOS,iOS,0
1046,2021-01-16,Israel,iOS,iOS,0
1122,2021-01-16,Mexico,iOS,iOS,0
1182,2021-01-16,Mexico,iOS,iOS,0
1297,2021-01-16,Mexico,iOS,Android,0
1373,2021-01-16,United States,iOS,iOS,0
1413,2021-01-16,United Kingdom,iOS,iOS,0
1842,2021-01-16,United States,Android,Android,0
1870,2021-01-16,Israel,Android,Android,0
1974,2021-01-16,Israel,Android,Android,0
2128,2021-01-16,Israel,iOS,iOS,0
2134,2021-01-16,Israel,Android,Android,0
2515,2021-01-16,Israel,iOS,iOS,0
2529,2021-01-16,Mexico,iOS,iOS,0
2531,2021-01-16,United States,iOS,iOS,0
3103,2021-01-16,United Kingdom,iOS,iOS,0
3189,2021-01-16,Israel,iOS,iOS,0
3399,2021-01-16,Japan,iOS,Android,0
1072,2021-01-17,United Kingdom,iOS,iOS,0
1157,2021-01-17,United States,iOS,iOS,0
1203,2021-01-17,Israel,iOS,iOS,0
1262,2021-01-17,Japan,iOS,iOS,0
1278,2021-01-17,Israel,iOS,iOS,0
1304,2021-01-17,Mexico,Android,Android,0
1324,2021-01-17,Israel,Android,Android,0
1476,2021-01-17,Japan,iOS,iOS,0
1499,2021-01-17,United Kingdom,Android,Android,0
1603,2021-01-17,Israel,iOS,iOS,0
1615,2021-01-17,United Kingdom,iOS,iOS,0
1773,2021-01-17,Israel,Android,Android,0
1885,2021-01-17,Japan,iOS,iOS,0
2290,2021-01-17,Japan,iOS,iOS,0
2472,2021-01-17,Israel,iOS,iOS,0
2779,2021-01-17,United Kingdom,iOS,iOS,0
2885,2021-01-17,Mexico,iOS,iOS,0
2930,2021-01-17,Israel,iOS,iOS,0
3023,2021-01-17,United Kingdom,iOS,iOS,0
3136,2021-01-17,United States,Android,Android,0
3168,2021-01-17,United States,iOS,iOS,0
3287,2021-01-17,United Kingdom,Android,Android,0
3316,2021-01-17,United Kingdom,iOS,iOS,0
3366,2021-01-17,Mexico,Android,Android,0
3388,2021-01-17,Israel,iOS,iOS,0
1068,2021-01-18,Mexico,iOS,iOS,0
1141,2021-01-18,Mexico,Android,Android,0
1205,2021-01-18,United States,iOS,iOS,0
1463,2021-01-18,United States,iOS,iOS,0
1475,2021-01-18,United States,Android,Android,0
1561,2021-01-18,Israel,iOS,iOS,0
1968,2021-01-18,United Kingdom,Android,Android,0
2406,2021-01-18,Israel,iOS,iOS,0
2722,2021-01-18,Mexico,iOS,iOS,0
2907,2021-01-18,Israel,iOS,iOS,0
3116,2021-01-18,Japan,iOS,iOS,0
3197,2021-01-18,Mexico,iOS,iOS,0
1084,2021-01-19,Israel,iOS,iOS,0
1272,2021-01-19,United Kingdom,Android,Android,0
1803,2021-01-19,United States,Android,Android,0
1943,2021-01-19,Japan,iOS,iOS,0
2088,2021-01-19,United States,iOS,iOS,0
2152,2021-01-19,Israel,iOS,iOS,0
2400,2021-01-19,Israel,iOS,iOS,0
2407,2021-01-19,United Kingdom,iOS,iOS,0
2557,2021-01-19,United Kingdom,Android,Android,0
2698,2021-01-19,United States,iOS,iOS,0
2770,2021-01-19,Israel,iOS,iOS,0
2826,2021-01-19,Japan,Android,Android,0
2904,2021-01-19,United States,iOS,iOS,0
2961,2021-01-19,United Kingdom,Android,Android,0
3227,2021-01-19,Mexico,iOS,iOS,0
3277,2021-01-19,United States,iOS,Android,0
3334,2021-01-19,Israel,iOS,iOS,0
1005,2021-01-20,Mexico,iOS,iOS,0
1038,2021-01-20,Mexico,iOS,iOS,0
1123,2021-01-20,Mexico,Android,Android,0
1191,2021-01-20,Mexico,iOS,iOS,0
1323,2021-01-20,United Kingdom,iOS,iOS,0
1345,2021-01-20,United Kingdom,iOS,iOS,0
1401,2021-01-20,Israel,iOS,iOS,0
1406,2021-01-20,United States,Android,Android,0
1477,2021-01-20,Japan,Android,Android,0
1558,2021-01-20,Mexico,iOS,iOS,0
1611,2021-01-20,United Kingdom,iOS,iOS,0
1789,2021-01-20,Israel,iOS,iOS,0
2085,2021-01-20,Mexico,Android,Android,0
2142,2021-01-20,United Kingdom,Android,Android,0
2165,2021-01-20,United States,Android,Android,0
2426,2021-01-20,United States,Android,Android,0
2463,2021-01-20,Japan,iOS,iOS,0
3099,2021-01-20,United States,Android,Android,0
1085,2021-01-21,Mexico,Android,Android,0
1256,2021-01-21,Japan,iOS,iOS,0
1270,2021-01-21,Japan,iOS,iOS,0
1793,2021-01-21,Japan,iOS,iOS,0
2007,2021-01-21,Mexico,Android,Android,0
2129,2021-01-21,Israel,iOS,iOS,0
2634,2021-01-21,Mexico,iOS,iOS,0
2651,2021-01-21,United States,iOS,iOS,0
2681,2021-01-21,United Kingdom,iOS,iOS,0
2729,2021-01-21,Mexico,iOS,Android,0
2996,2021-01-21,United Kingdom,Android,Android,0
3095,2021-01-21,United Kingdom,iOS,iOS,0
3140,2021-01-21,Israel,iOS,iOS,0
3182,2021-01-21,United States,iOS,iOS,0
3194,2021-01-21,United Kingdom,iOS,iOS,0
3201,2021-01-21,Japan,iOS,iOS,0
3258,2021-01-21,Japan,iOS,iOS,0
3308,2021-01-21,United States,iOS,iOS,0
3363,2021-01-21,United Kingdom,iOS,iOS,0
1058,2021-01-22,Japan,iOS,iOS,0
1065,2021-01-22,Mexico,iOS,iOS,0
1118,2021-01-22,Japan,iOS,iOS,0
1314,2021-01-22,Japan,iOS,iOS,0
1334,2021-01-22,Japan,Android,Android,0
1662,2021-01-22,Israel,iOS,iOS,0
1697,2021-01-22,United Kingdom,iOS,iOS,0
1756,2021-01-22,United Kingdom,iOS,iOS,0
1972,2021-01-22,Japan,iOS,iOS,0
2003,2021-01-22,United Kingdom,Android,Android,0
2027,2021-01-22,United Kingdom,iOS,iOS,0
2109,2021-01-22,Mexico,iOS,iOS,0
2156,2021-01-22,Japan,iOS,iOS,0
2207,2021-01-22,United States,iOS,iOS,0
2503,2021-01-22,United States,Android,Android,0
2540,2021-01-22,Japan,Android,Android,0
2582,2021-01-22,Israel,iOS,iOS,0
2600,2021-01-22,United States,Android,Android,0
2660,2021-01-22,United Kingdom,iOS,iOS,0
2791,2021-01-22,Mexico,Android,Android,0
2982,2021-01-22,United States,iOS,iOS,0
3376,2021-01-22,Mexico,iOS,iOS,0
3389,2021-01-22,Mexico,iOS,iOS,0
1115,2021-01-23,Japan,iOS,iOS,0
1551,2021-01-23,Japan,iOS,Android,0
1606,2021-01-23,Mexico,Android,Android,0
1986,2021-01-23,Mexico,iOS,iOS,0
2082,2021-01-23,United States,iOS,iOS,0
2172,2021-01-23,Israel,iOS,iOS,0
2285,2021-01-23,Japan,iOS,iOS,0
2355,2021-01-23,Israel,Android,Android,0
2541,2021-01-23,United Kingdom,iOS,Android,0
3044,2021-01-23,United States,iOS,iOS,0
3149,2021-01-23,United Kingdom,iOS,Android,0
3288,2021-01-23,Japan,iOS,iOS,0
3331,2021-01-23,United Kingdom,iOS,iOS,0
1007,2021-01-24,United States,Android,Android,0
1119,2021-01-24,Mexico,Android,Android,0
1326,2021-01-24,United States,iOS,iOS,0
1337,2021-01-24,Mexico,iOS,iOS,0
1386,2021-01-24,Japan,iOS,iOS,0
1585,2021-01-24,United States,Android,Android,0
1633,2021-01-24,United States,iOS,iOS,0
1962,2021-01-24,Mexico,iOS,iOS,0
1993,2021-01-24,Mexico,iOS,iOS,0
2069,2021-01-24,United Kingdom,iOS,iOS,0
2209,2021-01-24,Japan,iOS,iOS,0
2483,2021-01-24,Israel,iOS,iOS,0
2562,2021-01-24,United States,iOS,iOS,0
2605,2021-01-24,United Kingdom,Android,Android,0
2629,2021-01-24,Israel,iOS,iOS,0
2745,2021-01-24,Israel,Android,Android,0
2976,2021-01-24,United States,iOS,iOS,0
3076,2021-01-24,Israel,iOS,iOS,0
3137,2021-01-24,Mexico,iOS,iOS,0
3274,2021-01-24,United States,Android,Android,0
3292,2021-01-24,Israel,iOS,iOS,0
1076,2021-01-25,Japan,iOS,iOS,0
1104,2021-01-25,United States,Android,Android,0
1604,2021-01-25,United Kingdom,iOS,iOS,0
1747,2021-01-25,United Kingdom,iOS,iOS,0
1889,2021-01-25,United States,iOS,iOS,0
1998,2021-01-25,Israel,iOS,iOS,0
2245,2021-01-25,United States,Android,Android,0
2287,2021-01-25,Israel,iOS,iOS,0
2429,2021-01-25,Mexico,iOS,iOS,0
2631,2021-01-25,Israel,iOS,iOS,0
3003,2021-01-25,Mexico,iOS,iOS,0
3048,2021-01-25,Mexico,iOS,iOS,0
3082,2021-01-25,Japan,Android,Android,0
3278,2021-01-25,Israel,Android,Android,0
1052,2021-01-26,Israel,iOS,iOS,0
1131,2021-01-26,Japan,iOS,iOS,0
1189,2021-01-26,Japan,iOS,iOS,0
1279,2021-01-26,United Kingdom,iOS,iOS,0
1740,2021-01-26,United States,Android,Android,0
1764,2021-01-26,Mexico,iOS,iOS,0
1779,2021-01-26,United States,Android,Android,0
1912,2021-01-26,Israel,Android,Android,0
2181,2021-01-26,Japan,iOS,iOS,0
2246,2021-01-26,United States,Android,Android,0
2251,2021-01-26,United Kingdom,iOS,iOS,0
2336,2021-01-26,Israel,iOS,iOS,0
2391,2021-01-26,United Kingdom,Android,Android,0
2586,2021-01-26,Mexico,iOS,iOS,0
2684,2021-01-26,Israel,iOS,iOS,0
2775,2021-01-26,United Kingdom,Android,Android,0
3011,2021-01-26,Mexico,iOS,iOS,0
3113,2021-01-26,Japan,Android,Android,0
3212,2021-01-26,United States,iOS,iOS,0
3356,2021-01-26,Israel,iOS,iOS,0
1056,2021-01-27,Israel,iOS,iOS,0
1132,2021-01-27,Mexico,iOS,iOS,0
1175,2021-01-27,Israel,Android,Android,0
1563,2021-01-27,Mexico,iOS,iOS,0
1952,2021-01-27,Japan,iOS,iOS,0
2030,2021-01-27,Israel,iOS,iOS,0
2141,2021-01-27,Israel,iOS,iOS,0
2224,2021-01-27,Israel,iOS,iOS,0
2333,2021-01-27,Mexico,iOS,iOS,0
2414,2021-01-27,Israel,iOS,iOS,0
2547,2021-01-27,United Kingdom,iOS,iOS,0
2723,2021-01-27,Israel,iOS,iOS,0
2821,2021-01-27,Israel,Android,Android,0
1311,2021-01-28,Mexico,iOS,iOS,0
1860,2021-01-28,Israel,iOS,iOS,0
1893,2021-01-28,Israel,iOS,iOS,0
2359,2021-01-28,Mexico,Android,Android,0
2362,2021-01-28,United States,iOS,iOS,0
2404,2021-01-28,United States,iOS,iOS,0
2475,2021-01-28,United States,iOS,iOS,0
2543,2021-01-28,Israel,Android,Android,0
2573,2021-01-28,United States,Android,Android,0
2867,2021-01-28,United Kingdom,iOS,iOS,0
3056,2021-01-28,Mexico,iOS,iOS,0
3123,2021-01-28,United Kingdom,iOS,iOS,0
3224,2021-01-28,United Kingdom,iOS,iOS,0
1109,2021-01-29,United States,Android,Android,0
1338,2021-01-29,United Kingdom,iOS,iOS,0
1342,2021-01-29,Mexico,Android,Android,0
1498,2021-01-29,United Kingdom,iOS,iOS,0
1608,2021-01-29,Israel,iOS,iOS,0
1660,2021-01-29,United Kingdom,iOS,iOS,0
1670,2021-01-29,Japan,iOS,iOS,0
1786,2021-01-29,United States,iOS,iOS,0
2012,2021-01-29,United Kingdom,iOS,Android,0
2048,2021-01-29,Mexico,Android,Android,0
2089,2021-01-29,Mexico,Android,Android,0
2274,2021-01-29,Israel,iOS,iOS,0
2412,2021-01-29,United Kingdom,iOS,iOS,0
2568,2021-01-29,United States,Android,Android,0
2577,2021-01-29,United States,iOS,Android,0
3049,2021-01-29,United Kingdom,Android,Android,0
3060,2021-01-29,Israel,iOS,iOS,0
3065,2021-01-29,United States,Android,Android,0
1090,2021-01-30,Mexico,iOS,iOS,0
1421,2021-01-30,United Kingdom,iOS,iOS,0
1686,2021-01-30,Japan,iOS,iOS,0
1857,2021-01-30,Japan,iOS,iOS,0
1899,2021-01-30,United States,iOS,iOS,0
1920,2021-01-30,Mexico,iOS,iOS,0
1921,2021-01-30,United States,iOS,iOS,0
2261,2021-01-30,Israel,iOS,iOS,0
2292,2021-01-30,United States,Android,Android,0
2371,2021-01-30,United States,Android,Android,0
2374,2021-01-30,United States,iOS,iOS,0
2448,2021-01-30,United Kingdom,iOS,iOS,0
2459,2021-01-30,Japan,Android,Android,0
2465,2021-01-30,Mexico,iOS,iOS,0
2663,2021-01-30,United Kingdom,Android,Android,0
2772,2021-01-30,Israel,iOS,iOS,0
2912,2021-01-30,United States,iOS,Android,0
3081,2021-01-30,United Kingdom,Android,Android,0
3220,2021-01-30,United Kingdom,iOS,iOS,0
3346,2021-01-30,Israel,iOS,iOS,0
1061,2021-01-31,United Kingdom,iOS,iOS,0
1199,2021-01-31,United States,Android,Android,0
1494,2021-01-31,United States,Android,Android,0
1614,2021-01-31,United States,iOS,iOS,0
1638,2021-01-31,United States,Android,Android,0
1741,2021-01-31,United States,iOS,iOS,0
2131,2021-01-31,United States,iOS,iOS,0
2421,2021-01-31,United States,iOS,iOS,0
2480,2021-01-31,United Kingdom,iOS,iOS,0
2592,2021-01-31,United Kingdom,Android,Android,0
2643,2021-01-31,Israel,iOS,iOS,0
3085,2021-01-31,Israel,Android,Android,0
3098,2021-01-31,United States,Android,Android,0
3318,2021-01-31,Japan,Android,Android,0
1013,2021-02-01,Mexico,Android,iOS,0
1363,2021-02-01,Japan,iOS,iOS,0
1371,2021-02-01,Israel,iOS,iOS,0
1383,2021-02-01,Mexico,Android,Android,0
1416,2021-02-01,Mexico,iOS,iOS,0
1620,2021-02-01,United States,Android,Android,0
1657,2021-02-01,Mexico,iOS,iOS,0
2166,2021-02-01,United Kingdom,Android,Android,0
2337,2021-02-01,United States,Android,Android,0
2799,2021-02-01,Mexico,Android,Android,0
2990,2021-02-01,United States,iOS,iOS,0
1003,2021-02-02,Japan,iOS,iOS,0
1051,2021-02-02,Israel,iOS,iOS,0
1147,2021-02-02,Japan,iOS,iOS,0
1169,2021-02-02,United States,iOS,iOS,0
1526,2021-02-02,United States,iOS,iOS,0
1749,2021-02-02,United States,Android,Android,0
1750,2021-02-02,Mexico,Android,Android,0
1828,2021-02-02,United States,iOS,iOS,0
1862,2021-02-02,Israel,Android,Android,0
1910,2021-02-02,United States,Android,Android,0
2040,2021-02-02,Israel,Android,Android,0
2120,2021-02-02,Israel,iOS,iOS,0
2427,2021-02-02,United States,iOS,iOS,0
2449,2021-02-02,United States,iOS,iOS,0
2648,2021-02-02,Mexico,Android,Android,0
2719,2021-02-02,Mexico,iOS,iOS,0
2778,2021-02-02,Israel,Android,Android,0
2888,2021-02-02,Japan,iOS,iOS,0
2974,2021-02-02,Israel,iOS,iOS,0
3240,2021-02-02,Mexico,iOS,iOS,0
3400,2021-02-02,Israel,Android,Android,0
1040,2021-02-03,Mexico,iOS,iOS,0
1053,2021-02-03,United States,iOS,iOS,0
1359,2021-02-03,Israel,Android,Android,0
1577,2021-02-03,Israel,iOS,iOS,0
1628,2021-02-03,Japan,iOS,Android,0
1674,2021-02-03,United Kingdom,Android,Android,0
1886,2021-02-03,United Kingdom,Android,Android,0
1911,2021-02-03,United States,iOS,iOS,0
2177,2021-02-03,Mexico,iOS,iOS,0
2443,2021-02-03,United Kingdom,Android,Android,0
2476,2021-02-03,United Kingdom,iOS,iOS,0
2561,2021-02-03,Israel,iOS,iOS,0
2581,2021-02-03,United States,Android,Android,0
3199,2021-02-03,Israel,iOS,iOS,0
1113,2021-02-04,Mexico,Android,Android,0
1220,2021-02-04,Japan,iOS,iOS,0
1328,2021-02-04,United States,iOS,iOS,0
1484,2021-02-04,Israel,iOS,iOS,0
1530,2021-02-04,Japan,iOS,iOS,0
1846,2021-02-04,United States,iOS,iOS,0
1855,2021-02-04,Mexico,iOS,iOS,0
1996,2021-02-04,United Kingdom,iOS,iOS,0
2186,2021-02-04,Mexico,iOS,iOS,0
2431,2021-02-04,Japan,iOS,iOS,0
2611,2021-02-04,Israel,Android,Android,0
2874,2021-02-04,United Kingdom,iOS,iOS,0
3148,2021-02-04,Israel,iOS,iOS,0
3323,2021-02-04,Japan,iOS,iOS,0
3385,2021-02-04,Israel,iOS,iOS,0
1184,2021-02-05,United Kingdom,Android,Android,0
1294,2021-02-05,Mexico,Android,Android,0
1472,2021-02-05,United Kingdom,Android,Android,0
1688,2021-02-05,Mexico,iOS,iOS,0
1957,2021-02-05,Israel,Android,Android,0
2013,2021-02-05,Israel,Android,Android,0
2064,2021-02-05,United Kingdom,Android,Android,0
2183,2021-02-05,United Kingdom,iOS,iOS,0
2205,2021-02-05,United Kingdom,iOS,iOS,0
2212,2021-02-05,United States,Android,Android,0
2455,2021-02-05,Mexico,Android,Android,0
2556,2021-02-05,Japan,iOS,iOS,0
2662,2021-02-05,Japan,iOS,Android,0
2844,2021-02-05,Japan,iOS,iOS,0
2871,2021-02-05,Mexico,iOS,iOS,0
2893,2021-02-05,Mexico,iOS,iOS,0
2993,2021-02-05,United States,iOS,iOS,0
3203,2021-02-05,Israel,iOS,iOS,0
3414,2021-02-05,United Kingdom,iOS,iOS,0
1077,2021-02-06,Japan,iOS,iOS,0
1353,2021-02-06,United Kingdom,iOS,Android,0
1559,2021-02-06,Japan,Android,Android,0
1684,2021-02-06,Mexico,iOS,iOS,0
1900,2021-02-06,Japan,iOS,iOS,0
1938,2021-02-06,United Kingdom,Android,Android,0
2043,2021-02-06,Israel,iOS,iOS,0
2232,2021-02-06,Japan,iOS,iOS,0
2235,2021-02-06,United States,Android,Android,0
2647,2021-02-06,Japan,iOS,iOS,0
2773,2021-02-06,Japan,iOS,iOS,0
2843,2021-02-06,Israel,iOS,iOS,0
2968,2021-02-06,United States,iOS,iOS,0
3190,2021-02-06,Mexico,Android,Android,0
3391,2021-02-06,United States,Android,Android,0
1176,2021-02-07,United States,iOS,iOS,0
1276,2021-02-07,Mexico,Android,Android,0
1426,2021-02-07,United Kingdom,Android,Android,0
1465,2021-02-07,Mexico,iOS,iOS,0
1635,2021-02-07,Israel,iOS,iOS,0
1892,2021-02-07,Israel,Android,Android,0
1949,2021-02-07,United Kingdom,iOS,iOS,0
2067,2021-02-07,Mexico,iOS,iOS,0
2086,2021-02-07,United Kingdom,Android,Android,0
2243,2021-02-07,United States,Android,Android,0
2784,2021-02-07,United States,iOS,iOS,0
2792,2021-02-07,Israel,iOS,iOS,0
2836,2021-02-07,Israel,iOS,iOS,0
2838,2021-02-07,Israel,iOS,iOS,0
2862,2021-02-07,Israel,iOS,iOS,0
2924,2021-02-07,United States,iOS,iOS,0
3263,2021-02-07,United States,Android,Android,0
3328,2021-02-07,United States,iOS,iOS,0
3420,2021-02-07,Mexico,Android,Android,0
1139,2021-02-08,Mexico,iOS,iOS,0
1346,2021-02-08,United States,Android,Android,0
1634,2021-02-08,Israel,iOS,iOS,0
1820,2021-02-08,Israel,iOS,iOS,0
1895,2021-02-08,United Kingdom,iOS,iOS,0
2006,2021-02-08,Israel,iOS,iOS,0
2422,2021-02-08,United States,Android,Android,0
2738,2021-02-08,United States,Android,Android,0
2785,2021-02-08,United States,Android,Android,0
2810,2021-02-08,United States,Android,Android,0
3012,2021-02-08,Japan,iOS,iOS,0
3039,2021-02-08,Mexico,Android,Android,0
3237,2021-02-08,United States,Android,Android,0
3249,2021-02-08,Israel,iOS,iOS,0
1127,2021-02-09,United States,Android,Android,0
1133,2021-02-09,Japan,iOS,iOS,0
1325,2021-02-09,United Kingdom,Android,Android,0
1368,2021-02-09,Japan,iOS,iOS,0
1458,2021-02-09,Israel,iOS,iOS,0
1819,2021-02-09,United States,Android,Android,0
1898,2021-02-09,Mexico,Android,Android,0
2185,2021-02-09,United States,Android,Android,0
2579,2021-02-09,Israel,iOS,iOS,0
2675,2021-02-09,Japan,iOS,iOS,0
2735,2021-02-09,Israel,iOS,iOS,0
2774,2021-02-09,Israel,iOS,Android,0
2809,2021-02-09,United Kingdom,Android,Android,0
2831,2021-02-09,United States,Android,Android,0
3119,2021-02-09,United Kingdom,Android,Android,0
3120,2021-02-09,United Kingdom,Android,Android,0
3250,2021-02-09,Israel,iOS,iOS,0
3310,2021-02-09,Japan,Android,Android,0
3369,2021-02-09,Israel,Android,Android,0
1106,2021-02-10,Israel,iOS,iOS,0
1186,2021-02-10,United Kingdom,Android,Android,0
1296,2021-02-10,Japan,iOS,iOS,0
1655,2021-02-10,United States,Android,Android,0
1715,2021-02-10,United Kingdom,Android,Android,0
1791,2021-02-10,Israel,Android,Android,0
2398,2021-02-10,Mexico,iOS,iOS,0
2477,2021-02-10,Israel,iOS,iOS,0
2563,2021-02-10,United Kingdom,Android,Android,0
2860,2021-02-10,United States,iOS,iOS,0
3300,2021-02-10,Mexico,iOS,iOS,0
3384,2021-02-10,United States,Android,Android,0
1209,2021-02-11,United States,iOS,iOS,0
1351,2021-02-11,United Kingdom,iOS,iOS,0
1398,2021-02-11,Japan,iOS,iOS,0
1496,2021-02-11,Israel,iOS,iOS,0
1681,2021-02-11,Japan,Android,Android,0
1730,2021-02-11,Mexico,iOS,iOS,0
1834,2021-02-11,United Kingdom,iOS,Android,0
1837,2021-02-11,Israel,iOS,iOS,0
1944,2021-02-11,United Kingdom,iOS,iOS,0
2029,2021-02-11,Israel,iOS,iOS,0
2138,2021-02-11,Japan,Android,Android,0
2149,2021-02-11,United States,Android,Android,0
2546,2021-02-11,United Kingdom,iOS,iOS,0
2616,2021-02-11,Mexico,Android,Android,0
2677,2021-02-11,Israel,iOS,iOS,0
2683,2021-02-11,Japan,iOS,iOS,0
2712,2021-02-11,Israel,iOS,iOS,0
2905,2021-02-11,United States,Android,Android,0
2979,2021-02-11,United States,iOS,iOS,0
3244,2021-02-11,Israel,iOS,iOS,0
3338,2021-02-11,Mexico,iOS,iOS,0
1866,2021-02-12,Israel,iOS,iOS,0
2130,2021-02-12,Israel,iOS,iOS,0
2211,2021-02-12,Japan,iOS,iOS,0
2409,2021-02-12,Japan,iOS,iOS,0
2649,2021-02-12,United Kingdom,iOS,iOS,0
2847,2021-02-12,United Kingdom,iOS,iOS,0
2984,2021-02-12,Israel,Android,Android,0
1047,2021-02-13,Israel,iOS,iOS,0
1162,2021-02-13,Mexico,iOS,iOS,0
1450,2021-02-13,Israel,iOS,iOS,0
1557,2021-02-13,United States,Android,Android,0
1679,2021-02-13,Mexico,iOS,Android,0
1710,2021-02-13,Israel,iOS,iOS,0
1794,2021-02-13,Mexico,Android,Android,0
2399,2021-02-13,Israel,iOS,iOS,0
2533,2021-02-13,Mexico,Android,Android,0
2633,2021-02-13,Japan,iOS,iOS,0
2658,2021-02-13,Israel,iOS,iOS,0
3344,2021-02-13,Israel,iOS,iOS,0
3348,2021-02-13,United States,Android,Android,0
1028,2021-02-14,United States,iOS,iOS,0
1034,2021-02-14,Israel,iOS,iOS,0
1075,2021-02-14,Israel,Android,iOS,0
1417,2021-02-14,United States,Android,Android,0
1801,2021-02-14,Japan,iOS,iOS,0
1967,2021-02-14,Mexico,Android,Android,0
2016,2021-02-14,United States,iOS,Android,0
2179,2021-02-14,Japan,iOS,iOS,0
2310,2021-02-14,United States,iOS,iOS,0
2334,2021-02-14,Japan,iOS,iOS,0
2393,2021-02-14,Mexico,iOS,iOS,0
2410,2021-02-14,United States,iOS,iOS,0
2918,2021-02-14,United States,Android,Android,0
3128,2021-02-14,Israel,Android,Android,0
1100,2021-02-15,Japan,iOS,iOS,0
1238,2021-02-15,Mexico,iOS,iOS,0
1261,2021-02-15,Japan,iOS,iOS,0
1621,2021-02-15,United Kingdom,iOS,iOS,0
1651,2021-02-15,Japan,iOS,iOS,0
1992,2021-02-15,United States,iOS,iOS,0
2073,2021-02-15,Japan,iOS,iOS,0
2376,2021-02-15,United States,Android,Android,0
2418,2021-02-15,Israel,iOS,iOS,0
2939,2021-02-15,Israel,Android,Android,0
3083,2021-02-15,United Kingdom,Android,Android,0
3144,2021-02-15,Mexico,iOS,iOS,0
3178,2021-02-15,Israel,iOS,iOS,0
3349,2021-02-15,United Kingdom,iOS,iOS,0
3350,2021-02-15,Israel,iOS,iOS,0
3401,2021-02-15,Mexico,iOS,iOS,0
1129,2021-02-16,Japan,Android,Android,0
1138,2021-02-16,Japan,Android,Android,0
1439,2021-02-16,Israel,iOS,iOS,0
1700,2021-02-16,Mexico,Android,Android,0
1724,2021-02-16,United Kingdom,Android,Android,0
1734,2021-02-16,Israel,iOS,iOS,0
1859,2021-02-16,United Kingdom,Android,Android,0
2753,2021-02-16,United Kingdom,iOS,iOS,0
2787,2021-02-16,Mexico,iOS,iOS,0
2835,2021-02-16,Israel,iOS,iOS,0
2848,2021-02-16,Mexico,iOS,iOS,0
2914,2021-02-16,Israel,iOS,iOS,0
2951,2021-02-16,Israel,iOS,iOS,0
1044,2021-02-17,Japan,iOS,iOS,0
1050,2021-02-17,Japan,iOS,iOS,0
1410,2021-02-17,United Kingdom,iOS,iOS,0
1449,2021-02-17,Israel,Android,iOS,0
1480,2021-02-17,Israel,iOS,iOS,0
1813,2021-02-17,Israel,iOS,iOS,0
1933,2021-02-17,United States,iOS,iOS,0
2045,2021-02-17,United States,iOS,Android,0
2098,2021-02-17,United States,Android,Android,0
2132,2021-02-17,Israel,Android,Android,0
2145,2021-02-17,Japan,Android,Android,0
3309,2021-02-17,Israel,Android,Android,0
1177,2021-02-18,United States,Android,Android,0
1247,2021-02-18,United States,Android,Android,0
1309,2021-02-18,Israel,Android,Android,0
1348,2021-02-18,United Kingdom,Android,Android,0
1641,2021-02-18,Israel,iOS,iOS,0
1712,2021-02-18,United Kingdom,Android,Android,0
1802,2021-02-18,Israel,iOS,iOS,0
1825,2021-02-18,United Kingdom,iOS,iOS,0
1865,2021-02-18,Japan,iOS,iOS,0
2153,2021-02-18,Mexico,iOS,iOS,0
2169,2021-02-18,Japan,iOS,iOS,0
2358,2021-02-18,United Kingdom,Android,Android,0
2608,2021-02-18,United Kingdom,iOS,iOS,0
2731,2021-02-18,Israel,iOS,iOS,0
3153,2021-02-18,Israel,iOS,iOS,0
3246,2021-02-18,United Kingdom,Android,Android,0
3285,2021-02-18,Israel,iOS,iOS,0
1384,2021-02-19,United States,Android,Android,0
1462,2021-02-19,Mexico,iOS,iOS,0
1542,2021-02-19,United States,Android,Android,0
1623,2021-02-19,United Kingdom,iOS,iOS,0
1648,2021-02-19,Israel,iOS,iOS,0
2164,2021-02-19,Japan,Android,Android,0
2254,2021-02-19,Israel,iOS,iOS,0
2312,2021-02-19,United Kingdom,Android,Android,0
2325,2021-02-19,Japan,iOS,iOS,0
2492,2021-02-19,United Kingdom,Android,Android,0
2944,2021-02-19,United States,iOS,Android,0
2950,2021-02-19,United States,iOS,iOS,0
3109,2021-02-19,United States,Android,Android,0
3118,2021-02-19,United Kingdom,iOS,iOS,0
1140,2021-02-20,Mexico,iOS,iOS,0
1290,2021-02-20,United States,iOS,iOS,0
1320,2021-02-20,United States,iOS,iOS,0
1537,2021-02-20,United Kingdom,Android,Android,0
1572,2021-02-20,United States,iOS,iOS,0
1578,2021-02-20,Israel,iOS,iOS,0
1737,2021-02-20,United States,iOS,iOS,0
1767,2021-02-20,Japan,iOS,iOS,0
2037,2021-02-20,Israel,iOS,iOS,0
2366,2021-02-20,Israel,iOS,iOS,0
2622,2021-02-20,Israel,Android,Android,0
2727,2021-02-20,Israel,iOS,iOS,0
2978,2021-02-20,Israel,iOS,iOS,0
3041,2021-02-20,United Kingdom,iOS,iOS,0
3045,2021-02-20,Japan,iOS,iOS,0
3235,2021-02-20,Israel,Android,Android,0
3243,2021-02-20,Israel,iOS,iOS,0
1135,2021-02-21,United States,iOS,Android,0
1152,2021-02-21,Japan,Android,Android,0
1211,2021-02-21,United States,iOS,iOS,0
1364,2021-02-21,United States,iOS,iOS,0
1389,2021-02-21,United Kingdom,iOS,iOS,0
1733,2021-02-21,United Kingdom,iOS,iOS,0
1758,2021-02-21,Mexico,iOS,iOS,0
1830,2021-02-21,Japan,iOS,iOS,0
1964,2021-02-21,Israel,iOS,iOS,0
2031,2021-02-21,United Kingdom,iOS,iOS,0
2397,2021-02-21,Israel,iOS,iOS,0
2812,2021-02-21,United States,iOS,iOS,0
3007,2021-02-21,Japan,iOS,iOS,0
3241,2021-02-21,United Kingdom,Android,Android,0
3301,2021-02-21,United States,Android,Android,0
3304,2021-02-21,Mexico,Android,Android,0
3341,2021-02-21,United Kingdom,iOS,iOS,0
3357,2021-02-21,United States,iOS,iOS,0
1241,2021-02-22,Israel,iOS,iOS,0
1282,2021-02-22,United States,Android,Android,0
1433,2021-02-22,Israel,iOS,iOS,0
1490,2021-02-22,Japan,iOS,iOS,0
1562,2021-02-22,United States,iOS,iOS,0
1731,2021-02-22,United Kingdom,Android,Android,0
2160,2021-02-22,Mexico,iOS,iOS,0
2198,2021-02-22,Japan,iOS,iOS,0
2537,2021-02-22,United States,Android,Android,0
2542,2021-02-22,United States,Android,Android,0
2707,2021-02-22,United States,Android,Android,0
2715,2021-02-22,Israel,Android,Android,0
2807,2021-02-22,United States,iOS,iOS,0
2859,2021-02-22,Israel,iOS,iOS,0
2889,2021-02-22,United Kingdom,iOS,iOS,0
3040,2021-02-22,Israel,iOS,iOS,0
3100,2021-02-22,United States,Android,Android,0
3282,2021-02-22,United States,iOS,iOS,0
1035,2021-02-23,Mexico,Android,Android,0
1091,2021-02-23,Mexico,iOS,iOS,0
1539,2021-02-23,Israel,iOS,iOS,0
1597,2021-02-23,United States,Android,Android,0
1872,2021-02-23,United Kingdom,Android,Android,0
2062,2021-02-23,United Kingdom,iOS,iOS,0
2118,2021-02-23,Japan,Android,Android,0
2269,2021-02-23,United Kingdom,iOS,iOS,0
2298,2021-02-23,United States,Android,Android,0
2743,2021-02-23,Israel,iOS,iOS,0
2878,2021-02-23,Israel,iOS,iOS,0
2980,2021-02-23,United Kingdom,iOS,iOS,0
1017,2021-02-24,Israel,iOS,iOS,0
1079,2021-02-24,United States,Android,Android,0
1105,2021-02-24,United States,Android,Android,0
1194,2021-02-24,Mexico,iOS,iOS,0
1217,2021-02-24,Israel,iOS,iOS,0
1308,2021-02-24,Israel,iOS,iOS,0
1653,2021-02-24,United States,Android,Android,0
2106,2021-02-24,Japan,Android,Android,0
2351,2021-02-24,United States,iOS,iOS,0
2601,2021-02-24,United Kingdom,iOS,iOS,0
2797,2021-02-24,Israel,iOS,iOS,0
2868,2021-02-24,United States,iOS,iOS,0
2972,2021-02-24,United States,Android,Android,0
3086,2021-02-24,Israel,iOS,iOS,0
3196,2021-02-24,Japan,iOS,iOS,0
1083,2021-02-25,Mexico,iOS,iOS,0
1639,2021-02-25,United Kingdom,Android,Android,0
1929,2021-02-25,Japan,iOS,iOS,0
2419,2021-02-25,United States,iOS,Android,0
2458,2021-02-25,Japan,iOS,iOS,0
2550,2021-02-25,United Kingdom,iOS,iOS,0
3051,2021-02-25,Japan,Android,Android,0
3167,2021-02-25,Mexico,Android,Android,0
1021,2021-02-26,United Kingdom,iOS,iOS,0
1206,2021-02-26,Japan,iOS,iOS,0
1236,2021-02-26,Mexico,iOS,iOS,0
1547,2021-02-26,Israel,iOS,iOS,0
1612,2021-02-26,United States,Android,Android,0
2057,2021-02-26,United States,iOS,iOS,0
2219,2021-02-26,United States,iOS,iOS,0
2883,2021-02-26,Japan,iOS,iOS,0
3015,2021-02-26,Mexico,iOS,iOS,0
3031,2021-02-26,United States,Android,Android,0
3139,2021-02-26,United States,Android,Android,0
3171,2021-02-26,Japan,iOS,iOS,0
3213,2021-02-26,Israel,Android,Android,0
3326,2021-02-26,United States,iOS,iOS,0
3398,2021-02-26,United Kingdom,iOS,iOS,0
1001,2021-02-27,Israel,iOS,iOS,0
1039,2021-02-27,Mexico,iOS,iOS,0
1159,2021-02-27,Israel,iOS,iOS,0
1784,2021-02-27,United States,iOS,iOS,0
1833,2021-02-27,United States,iOS,iOS,0
1956,2021-02-27,United States,Android,Android,0
2502,2021-02-27,United Kingdom,Android,Android,0
2699,2021-02-27,Israel,iOS,iOS,0
2830,2021-02-27,United Kingdom,Android,Android,0
2909,2021-02-27,Israel,Android,Android,0
2994,2021-02-27,United States,iOS,iOS,0
3175,2021-02-27,Israel,iOS,iOS,0
3265,2021-02-27,United Kingdom,Android,Android,0
3322,2021-02-27,Israel,Android,Android,0
3347,2021-02-27,United Kingdom,iOS,Android,0
3370,2021-02-27,Japan,iOS,iOS,0
3386,2021-02-27,United States,iOS,Android,0
1407,2021-02-28,United States,iOS,iOS,0
1443,2021-02-28,Japan,Android,Android,0
2151,2021-02-28,United Kingdom,Android,Android,0
2222,2021-02-28,United States,Android,Android,0
2346,2021-02-28,United Kingdom,iOS,iOS,0
2434,2021-02-28,United Kingdom,iOS,iOS,0
2446,2021-02-28,Israel,iOS,iOS,0
2565,2021-02-28,Mexico,Android,Android,0
2780,2021-02-28,United States,iOS,iOS,0
2814,2021-02-28,United States,Android,Android,0
3408,2021-02-28,United States,Android,Android,0
1032,2021-03-01,Mexico,Android,Android,0
1114,2021-03-01,Japan,iOS,iOS,0
1306,2021-03-01,United States,Android,Android,0
1617,2021-03-01,Israel,Android,Android,0
1792,2021-03-01,United Kingdom,iOS,iOS,0
1848,2021-03-01,Japan,iOS,iOS,0
1925,2021-03-01,United States,Android,Android,0
2174,2021-03-01,United States,Android,Android,0
2306,2021-03-01,Japan,iOS,iOS,0
2423,2021-03-01,Japan,iOS,iOS,0
2632,2021-03-01,United Kingdom,Android,Android,0
2739,2021-03-01,Israel,iOS,iOS,0
2841,2021-03-01,United Kingdom,iOS,iOS,0
2863,2021-03-01,United Kingdom,iOS,iOS,0
2952,2021-03-01,United States,Android,Android,0
3131,2021-03-01,Japan,Android,Android,0
1316,2021-03-02,Mexico,iOS,iOS,0
1332,2021-03-02,Israel,iOS,iOS,0
1478,2021-03-02,Mexico,Android,Android,0
1708,2021-03-02,Israel,iOS,iOS,0
1795,2021-03-02,United States,iOS,iOS,0
1953,2021-03-02,Mexico,iOS,iOS,0
1975,2021-03-02,Japan,Android,Android,0
2163,2021-03-02,Japan,iOS,iOS,0
2521,2021-03-02,United States,Android,Android,0
2710,2021-03-02,Japan,iOS,iOS,0
2714,2021-03-02,United States,iOS,iOS,0
2819,2021-03-02,United States,Android,Android,0
2937,2021-03-02,United Kingdom,Android,Android,0
2942,2021-03-02,Japan,iOS,iOS,0
1112,2021-03-03,Mexico,iOS,iOS,0
1193,2021-03-03,United Kingdom,Android,Android,0
1222,2021-03-03,Israel,iOS,iOS,0
1233,2021-03-03,Israel,Android,Android,0
1249,2021-03-03,United States,iOS,Android,0
1253,2021-03-03,United Kingdom,iOS,Android,0
1285,2021-03-03,Israel,iOS,iOS,0
1357,2021-03-03,United States,Android,Android,0
1564,2021-03-03,Israel,Android,Android,0
1881,2021-03-03,Japan,Android,Android,0
1896,2021-03-03,United States,Android,Android,0
1922,2021-03-03,Mexico,Android,Android,0
1960,2021-03-03,Japan,iOS,iOS,0
1978,2021-03-03,Israel,Android,Android,0
2242,2021-03-03,Japan,Android,Android,0
2300,2021-03-03,Israel,iOS,iOS,0
2453,2021-03-03,Israel,iOS,iOS,0
2627,2021-03-03,Israel,iOS,iOS,0
2945,2021-03-03,United States,Android,Android,0
2991,2021-03-03,United States,iOS,iOS,0
2997,2021-03-03,United States,Android,Android,0
3133,2021-03-03,Mexico,iOS,iOS,0
3204,2021-03-03,Mexico,iOS,iOS,0
1066,2021-03-04,United Kingdom,Android,Android,0
1111,2021-03-04,United States,Android,Android,0
1678,2021-03-04,United States,iOS,iOS,0
1754,2021-03-04,Israel,iOS,iOS,0
1973,2021-03-04,United States,iOS,iOS,0
2047,2021-03-04,United States,iOS,Android,0
2058,2021-03-04,United Kingdom,Android,Android,0
2279,2021-03-04,Mexico,iOS,iOS,0
2435,2021-03-04,United States,iOS,iOS,0
2461,2021-03-04,Japan,iOS,iOS,0
2822,2021-03-04,Israel,Android,Android,0
3043,2021-03-04,Israel,iOS,iOS,0
3358,2021-03-04,United Kingdom,iOS,iOS,0
3378,2021-03-04,United States,Android,Android,0
1121,2021-03-05,Japan,Android,Android,0
1470,2021-03-05,Israel,iOS,iOS,0
1504,2021-03-05,Japan,iOS,iOS,0
1824,2021-03-05,United Kingdom,iOS,iOS,0
2023,2021-03-05,United Kingdom,iOS,iOS,0
2050,2021-03-05,United Kingdom,iOS,iOS,0
2081,2021-03-05,United Kingdom,Android,Android,0
2116,2021-03-05,Japan,iOS,iOS,0
2117,2021-03-05,United Kingdom,iOS,iOS,0
2331,2021-03-05,Mexico,iOS,Android,0
2363,2021-03-05,Israel,iOS,iOS,0
2420,2021-03-05,Japan,Android,Android,0
2678,2021-03-05,United States,iOS,iOS,0
2881,2021-03-05,Israel,iOS,iOS,0
3092,2021-03-05,Mexico,iOS,iOS,0
1043,2021-03-06,United Kingdom,Android,iOS,0
1078,2021-03-06,Israel,iOS,Android,0
1288,2021-03-06,Japan,iOS,iOS,0
1701,2021-03-06,Israel,iOS,iOS,0
1752,2021-03-06,United States,iOS,iOS,0
1854,2021-03-06,United States,Android,Android,0
2036,2021-03-06,Mexico,Android,Android,0
2267,2021-03-06,Mexico,iOS,iOS,0
2349,2021-03-06,Japan,iOS,iOS,0
2489,2021-03-06,United Kingdom,Android,Android,0
2607,2021-03-06,Mexico,iOS,iOS,0
2693,2021-03-06,United Kingdom,iOS,iOS,0
2999,2021-03-06,United Kingdom,iOS,iOS,0
3058,2021-03-06,United Kingdom,iOS,iOS,0
3170,2021-03-06,United States,iOS,iOS,0
1153,2021-03-07,United Kingdom,iOS,iOS,0
1347,2021-03-07,Israel,Android,Android,0
1491,2021-03-07,United States,iOS,iOS,0
1736,2021-03-07,Israel,iOS,iOS,0
1840,2021-03-07,United Kingdom,Android,Android,0
2044,2021-03-07,United Kingdom,Android,Android,0
2066,2021-03-07,Mexico,iOS,iOS,0
2158,2021-03-07,United States,iOS,iOS,0
2167,2021-03-07,United States,Android,Android,0
2227,2021-03-07,Israel,iOS,iOS,0
2564,2021-03-07,United Kingdom,iOS,iOS,0
2736,2021-03-07,Israel,iOS,iOS,0
2744,2021-03-07,Israel,Android,Android,0
2927,2021-03-07,Mexico,iOS,iOS,0
2989,2021-03-07,United States,Android,Android,0
3156,2021-03-07,Japan,Android,Android,0
3248,2021-03-07,Israel,iOS,iOS,0
3387,2021-03-07,Israel,Android,Android,0
1192,2021-03-08,United Kingdom,Android,Android,0
1329,2021-03-08,Israel,iOS,iOS,0
1457,2021-03-08,United Kingdom,Android,Android,0
1461,2021-03-08,Japan,iOS,iOS,0
1590,2021-03-08,Mexico,Android,Android,0
1631,2021-03-08,United Kingdom,Android,Android,0
1642,2021-03-08,Japan,iOS,iOS,0
1916,2021-03-08,Japan,iOS,iOS,0
2008,2021-03-08,United States,iOS,iOS,0
2020,2021-03-08,Mexico,iOS,iOS,0
2524,2021-03-08,Mexico,iOS,iOS,0
2552,2021-03-08,Mexico,iOS,iOS,0
2594,2021-03-08,Israel,Android,Android,0
2620,2021-03-08,Mexico,iOS,iOS,0
2635,2021-03-08,Israel,iOS,iOS,0
2670,2021-03-08,Japan,iOS,iOS,0
3107,2021-03-08,Japan,iOS,iOS,0
1124,2021-03-09,United Kingdom,iOS,iOS,0
1382,2021-03-09,Mexico,iOS,Android,0
1395,2021-03-09,Japan,Android,Android,0
1518,2021-03-09,United Kingdom,iOS,iOS,0
1664,2021-03-09,United Kingdom,iOS,iOS,0
2498,2021-03-09,United States,iOS,iOS,0
2566,2021-03-09,Mexico,iOS,iOS,0
2916,2021-03-09,Israel,Android,Android,0
2934,2021-03-09,United States,iOS,iOS,0
2981,2021-03-09,Japan,Android,Android,0
3174,2021-03-09,United States,iOS,iOS,0
3195,2021-03-09,United States,iOS,iOS,0
3382,2021-03-09,Mexico,iOS,iOS,0
3397,2021-03-09,United Kingdom,Android,Android,0
3411,2021-03-09,Israel,Android,Android,0
1148,2021-03-10,Mexico,iOS,iOS,0
1219,2021-03-10,Mexico,Android,Android,0
1301,2021-03-10,Mexico,Android,Android,0
1305,2021-03-10,Mexico,iOS,iOS,0
1310,2021-03-10,Mexico,Android,Android,0
1404,2021-03-10,Mexico,iOS,iOS,0
1488,2021-03-10,United Kingdom,iOS,iOS,0
1571,2021-03-10,Israel,iOS,iOS,0
1600,2021-03-10,United States,Android,Android,0
1765,2021-03-10,United States,Android,Android,0
1971,2021-03-10,United States,iOS,iOS,0
2143,2021-03-10,Mexico,iOS,iOS,0
2504,2021-03-10,Mexico,iOS,iOS,0
2583,2021-03-10,Israel,iOS,iOS,0
2913,2021-03-10,United Kingdom,Android,Android,0
3225,2021-03-10,Israel,iOS,iOS,0
3234,2021-03-10,United Kingdom,iOS,iOS,0
1143,2021-03-11,Mexico,iOS,iOS,0
1350,2021-03-11,Israel,Android,Android,0
1902,2021-03-11,United States,Android,Android,0
2011,2021-03-11,United Kingdom,iOS,iOS,0
2095,2021-03-11,Israel,iOS,iOS,0
2105,2021-03-11,Israel,Android,Android,0
2567,2021-03-11,Israel,Android,Android,0
2612,2021-03-11,Mexico,iOS,iOS,0
2789,2021-03-11,Japan,iOS,iOS,0
2846,2021-03-11,Mexico,Android,Android,0
3000,2021-03-11,United Kingdom,iOS,Android,0
3067,2021-03-11,Japan,iOS,iOS,0
3127,2021-03-11,Japan,iOS,iOS,0
3165,2021-03-11,United States,iOS,iOS,0
3207,2021-03-11,Japan,iOS,iOS,0
3324,2021-03-11,Mexico,iOS,iOS,0
1031,2021-03-12,United Kingdom,Android,Android,0
1103,2021-03-12,United Kingdom,Android,Android,0
1202,2021-03-12,Israel,iOS,iOS,0
1435,2021-03-12,Israel,iOS,iOS,0
1691,2021-03-12,Japan,iOS,iOS,0
1776,2021-03-12,Japan,iOS,iOS,0
1823,2021-03-12,Israel,Android,Android,0
1991,2021-03-12,Mexico,iOS,iOS,0
2093,2021-03-12,Japan,iOS,iOS,0
2173,2021-03-12,Israel,iOS,iOS,0
2512,2021-03-12,Mexico,Android,Android,0
2606,2021-03-12,Israel,Android,Android,0
3114,2021-03-12,United States,Android,Android,0
3266,2021-03-12,Mexico,Android,Android,0
1101,2021-03-13,Mexico,iOS,iOS,0
1171,2021-03-13,United Kingdom,iOS,iOS,0
1214,2021-03-13,United States,iOS,iOS,0
1260,2021-03-13,United States,Android,Android,0
1414,2021-03-13,Japan,iOS,iOS,0
1427,2021-03-13,Israel,iOS,iOS,0
1532,2021-03-13,Mexico,Android,Android,0
1546,2021-03-13,United Kingdom,iOS,iOS,0
1595,2021-03-13,Israel,iOS,iOS,0
1596,2021-03-13,Mexico,Android,Android,0
1605,2021-03-13,Israel,iOS,iOS,0
1671,2021-03-13,United States,Android,Android,0
1811,2021-03-13,United States,iOS,iOS,0
1958,2021-03-13,United Kingdom,iOS,iOS,0
2059,2021-03-13,Mexico,Android,Android,0
2103,2021-03-13,United Kingdom,iOS,iOS,0
2320,2021-03-13,United Kingdom,iOS,iOS,0
2345,2021-03-13,Japan,iOS,iOS,0
2578,2021-03-13,United States,Android,Android,0
2804,2021-03-13,Mexico,iOS,Android,0
3283,2021-03-13,Japan,iOS,iOS,0
1179,2021-03-14,United Kingdom,iOS,iOS,0
1234,2021-03-14,United States,Android,Android,0
1300,2021-03-14,Israel,iOS,iOS,0
1411,2021-03-14,Israel,iOS,iOS,0
1687,2021-03-14,Japan,iOS,iOS,0
1990,2021-03-14,Israel,iOS,iOS,0
2280,2021-03-14,United Kingdom,Android,Android,0
2308,2021-03-14,Israel,iOS,iOS,0
2451,2021-03-14,United States,iOS,iOS,0
2711,2021-03-14,United Kingdom,Android,Android,0
2800,2021-03-14,Japan,iOS,iOS,0
2931,2021-03-14,Mexico,iOS,iOS,0
1437,2021-03-15,Japan,iOS,iOS,0
1716,2021-03-15,United States,Android,Android,0
1718,2021-03-15,Israel,Android,Android,0
1726,2021-03-15,Israel,iOS,iOS,0
1735,2021-03-15,Japan,iOS,iOS,0
1797,2021-03-15,Israel,iOS,iOS,0
1887,2021-03-15,Japan,iOS,iOS,0
2100,2021-03-15,United Kingdom,Android,Android,0
2114,2021-03-15,Japan,iOS,iOS,0
2294,2021-03-15,Japan,iOS,iOS,0
2734,2021-03-15,Israel,iOS,iOS,0
3027,2021-03-15,Israel,Android,Android,0
3104,2021-03-15,Israel,iOS,iOS,0
3280,2021-03-15,Japan,iOS,iOS,0
3290,2021-03-15,United Kingdom,iOS,iOS,0
1232,2021-03-16,Mexico,Android,Android,0
1271,2021-03-16,Japan,iOS,iOS,0
1400,2021-03-16,Mexico,iOS,iOS,0
1619,2021-03-16,Israel,iOS,iOS,0
1622,2021-03-16,Japan,iOS,iOS,0
1636,2021-03-16,United States,iOS,iOS,0
1644,2021-03-16,Japan,iOS,iOS,0
1845,2021-03-16,United States,Android,Android,0
2056,2021-03-16,United Kingdom,iOS,iOS,0
2249,2021-03-16,United Kingdom,iOS,iOS,0
2641,2021-03-16,United Kingdom,Android,Android,0
3233,2021-03-16,United States,iOS,iOS,0
3299,2021-03-16,Mexico,Android,Android,0
3404,2021-03-16,Israel,iOS,iOS,0
1067,2021-03-17,Mexico,iOS,iOS,0
1341,2021-03-17,Israel,iOS,iOS,0
1464,2021-03-17,United Kingdom,iOS,iOS,0
1473,2021-03-17,United Kingdom,Android,Android,0
1509,2021-03-17,Israel,iOS,iOS,0
1510,2021-03-17,Israel,iOS,iOS,0
1963,2021-03-17,United States,Android,Android,0
2975,2021-03-17,Japan,iOS,iOS,0
2988,2021-03-17,Israel,Android,Android,0
3330,2021-03-17,United States,Android,Android,0
3394,2021-03-17,United Kingdom,iOS,iOS,0
1033,2021-03-18,Japan,Android,Android,0
1251,2021-03-18,United States,Android,Android,0
1265,2021-03-18,United Kingdom,iOS,iOS,0
1378,2021-03-18,United States,Android,Android,0
1616,2021-03-18,United Kingdom,iOS,iOS,0
1690,2021-03-18,Israel,Android,Android,0
1702,2021-03-18,United Kingdom,iOS,iOS,0
1743,2021-03-18,Israel,iOS,iOS,0
1814,2021-03-18,United States,Android,Android,0
1903,2021-03-18,Japan,iOS,iOS,0
1969,2021-03-18,Mexico,iOS,iOS,0
2061,2021-03-18,Israel,iOS,iOS,0
2122,2021-03-18,Mexico,iOS,Android,0
2278,2021-03-18,Mexico,Android,Android,0
2296,2021-03-18,Israel,Android,Android,0
2383,2021-03-18,Mexico,Android,Android,0
2445,2021-03-18,Israel,iOS,iOS,0
2464,2021-03-18,Israel,Android,Android,0
2473,2021-03-18,United Kingdom,iOS,iOS,0
2554,2021-03-18,Mexico,iOS,iOS,0
2760,2021-03-18,Israel,iOS,iOS,0
2769,2021-03-18,Israel,iOS,iOS,0
2796,2021-03-18,United States,iOS,iOS,0
2808,2021-03-18,United States,iOS,iOS,0
2869,2021-03-18,United Kingdom,Android,Android,0
2921,2021-03-18,Israel,iOS,iOS,0
2926,2021-03-18,Mexico,Android,Android,0
3284,2021-03-18,United States,iOS,iOS,0
1145,2021-03-19,United Kingdom,iOS,iOS,0
1231,2021-03-19,Mexico,Android,Android,0
1677,2021-03-19,Mexico,Android,Android,0
1757,2021-03-19,Mexico,Android,Android,0
1897,2021-03-19,Israel,iOS,iOS,0
2055,2021-03-19,Japan,iOS,iOS,0
2304,2021-03-19,United States,Android,Android,0
2490,2021-03-19,Japan,iOS,iOS,0
2882,2021-03-19,United Kingdom,Android,Android,0
3101,2021-03-19,Israel,iOS,iOS,0
3375,2021-03-19,Japan,iOS,iOS,0
3379,2021-03-19,United States,Android,Android,0
1094,2021-03-20,Mexico,iOS,iOS,0
1331,2021-03-20,Mexico,iOS,iOS,0
1607,2021-03-20,United States,Android,Android,0
1673,2021-03-20,United States,iOS,iOS,0
1827,2021-03-20,United States,iOS,iOS,0
1926,2021-03-20,Israel,iOS,iOS,0
1985,2021-03-20,Israel,iOS,iOS,0
2382,2021-03-20,United States,Android,Android,0
2511,2021-03-20,Israel,iOS,iOS,0
2645,2021-03-20,Israel,iOS,iOS,0
2692,2021-03-20,Israel,iOS,iOS,0
2806,2021-03-20,Mexico,iOS,iOS,0
2850,2021-03-20,Mexico,Android,Android,0
3053,2021-03-20,United States,iOS,iOS,0
3072,2021-03-20,United Kingdom,iOS,iOS,0
3122,2021-03-20,United Kingdom,Android,Android,0
3270,2021-03-20,Japan,iOS,iOS,0
1064,2021-03-21,Israel,iOS,iOS,0
1446,2021-03-21,Japan,iOS,iOS,0
1515,2021-03-21,United States,iOS,iOS,0
1835,2021-03-21,United States,Android,Android,0
1907,2021-03-21,Israel,iOS,iOS,0
1917,2021-03-21,Japan,iOS,iOS,0
1976,2021-03-21,United Kingdom,iOS,iOS,0
1977,2021-03-21,Israel,iOS,Android,0
2236,2021-03-21,United States,iOS,iOS,0
2335,2021-03-21,Israel,iOS,iOS,0
2740,2021-03-21,United Kingdom,iOS,iOS,0
2811,2021-03-21,Israel,iOS,iOS,0
2947,2021-03-21,Israel,Android,Android,0
3032,2021-03-21,Israel,Android,Android,0
3143,2021-03-21,Japan,iOS,iOS,0
3193,2021-03-21,Mexico,iOS,iOS,0
3217,2021-03-21,Japan,iOS,iOS,0
3409,2021-03-21,Mexico,iOS,iOS,0
1403,2021-03-22,Mexico,iOS,iOS,0
1527,2021-03-22,Japan,iOS,iOS,0
1569,2021-03-22,Israel,Android,Android,0
2471,2021-03-22,United States,Android,Android,0
2614,2021-03-22,Israel,iOS,iOS,0
2726,2021-03-22,Mexico,Android,Android,0
3181,2021-03-22,United States,iOS,iOS,0
3351,2021-03-22,United Kingdom,iOS,iOS,0
1024,2021-03-23,Israel,iOS,iOS,0
1327,2021-03-23,United States,iOS,iOS,0
1424,2021-03-23,United States,Android,Android,0
1428,2021-03-23,Israel,iOS,iOS,0
1540,2021-03-23,Japan,iOS,iOS,0
1630,2021-03-23,United Kingdom,Android,Android,0
1722,2021-03-23,Mexico,iOS,iOS,0
2004,2021-03-23,Mexico,iOS,iOS,0
2384,2021-03-23,Mexico,iOS,iOS,0
2555,2021-03-23,Israel,iOS,iOS,0
2751,2021-03-23,Mexico,Android,Android,0
3314,2021-03-23,Israel,iOS,iOS,0
1250,2021-03-24,Mexico,Android,Android,0
1349,2021-03-24,United Kingdom,Android,Android,0
1362,2021-03-24,United States,Android,Android,0
1555,2021-03-24,Japan,iOS,iOS,0
1818,2021-03-24,United States,Android,Android,0
1923,2021-03-24,Israel,iOS,iOS,0
1927,2021-03-24,Mexico,iOS,iOS,0
2328,2021-03-24,Japan,iOS,iOS,0
2357,2021-03-24,Mexico,Android,Android,0
2375,2021-03-24,Israel,iOS,iOS,0
2615,2021-03-24,Israel,iOS,iOS,0
2669,2021-03-24,Japan,Android,Android,0
2828,2021-03-24,United States,Android,Android,0
3155,2021-03-24,Japan,iOS,iOS,0
3214,2021-03-24,United Kingdom,iOS,iOS,0
3271,2021-03-24,Israel,iOS,iOS,0
3312,2021-03-24,Japan,iOS,iOS,0
3327,2021-03-24,Israel,iOS,iOS,0
3417,2021-03-24,United States,Android,Android,0
1002,2021-03-25,Mexico,iOS,iOS,0
1284,2021-03-25,United Kingdom,Android,Android,0
1361,2021-03-25,Israel,iOS,iOS,0
1391,2021-03-25,Japan,Android,Android,0
1683,2021-03-25,United Kingdom,Android,Android,0
1829,2021-03-25,United Kingdom,Android,Android,0
1850,2021-03-25,United States,Android,Android,0
2052,2021-03-25,United States,iOS,iOS,0
2127,2021-03-25,United States,iOS,iOS,0
2265,2021-03-25,Japan,iOS,iOS,0
2289,2021-03-25,United States,Android,Android,0
2321,2021-03-25,Israel,Android,Android,0
2379,2021-03-25,United Kingdom,Android,Android,0
2394,2021-03-25,United States,Android,Android,0
2551,2021-03-25,Mexico,Android,Android,0
2626,2021-03-25,Israel,iOS,iOS,0
2659,2021-03-25,Mexico,iOS,iOS,0
2690,2021-03-25,Japan,iOS,iOS,0
3096,2021-03-25,Israel,iOS,iOS,0
3162,2021-03-25,United States,Android,Android,0
3256,2021-03-25,Israel,Android,Android,0
3315,2021-03-25,Japan,iOS,iOS,0
3423,2021-03-25,United Kingdom,Android,Android,0
1877,2021-03-26,United States,Android,Android,0
2121,2021-03-26,Israel,iOS,iOS,0
2389,2021-03-26,Mexico,iOS,iOS,0
2664,2021-03-26,Mexico,Android,Android,0
3014,2021-03-26,Mexico,iOS,iOS,0
3157,2021-03-26,United States,iOS,iOS,0
3228,2021-03-26,Japan,Android,Android,0
3252,2021-03-26,United Kingdom,Android,Android,0
3291,2021-03-26,Mexico,Android,Android,0
1089,2021-03-27,United States,iOS,iOS,0
1096,2021-03-27,Israel,iOS,iOS,0
1269,2021-03-27,Israel,iOS,iOS,0
1330,2021-03-27,Israel,iOS,iOS,0
1940,2021-03-27,United States,Android,Android,0
2024,2021-03-27,Mexico,iOS,iOS,0
2238,2021-03-27,Mexico,iOS,iOS,0
2264,2021-03-27,Japan,Android,Android,0
2288,2021-03-27,United Kingdom,iOS,Android,0
2373,2021-03-27,Israel,iOS,iOS,0
2509,2021-03-27,Mexico,iOS,iOS,0
2728,2021-03-27,United Kingdom,iOS,iOS,0
3034,2021-03-27,United States,Android,Android,0
3055,2021-03-27,United Kingdom,iOS,iOS,0
3074,2021-03-27,Mexico,iOS,iOS,0
3200,2021-03-27,United States,iOS,iOS,0
3257,2021-03-27,United Kingdom,iOS,iOS,0
3319,2021-03-27,United Kingdom,Android,Android,0
3373,2021-03-27,Japan,iOS,iOS,0
3407,2021-03-27,United States,iOS,iOS,0
1095,2021-03-28,Japan,Android,Android,0
1402,2021-03-28,Japan,Android,Android,0
1455,2021-03-28,United States,iOS,iOS,0
1512,2021-03-28,United States,Android,Android,0
1947,2021-03-28,United Kingdom,Android,Android,0
1983,2021-03-28,United Kingdom,iOS,iOS,0
2343,2021-03-28,United States,iOS,iOS,0
2534,2021-03-28,Japan,iOS,iOS,0
2595,2021-03-28,Mexico,Android,Android,0
2599,2021-03-28,United States,iOS,iOS,0
2623,2021-03-28,Israel,iOS,iOS,0
2941,2021-03-28,Israel,Android,Android,0
3029,2021-03-28,Israel,iOS,iOS,0
3293,2021-03-28,Japan,iOS,iOS,0
3418,2021-03-28,Mexico,iOS,iOS,0
1041,2021-03-29,Israel,iOS,iOS,0
1142,2021-03-29,Japan,iOS,iOS,0
1245,2021-03-29,United States,Android,Android,0
1429,2021-03-29,United States,Android,Android,0
1489,2021-03-29,Japan,iOS,iOS,0
1536,2021-03-29,Japan,iOS,iOS,0
1838,2021-03-29,United Kingdom,Android,Android,0
1867,2021-03-29,United States,iOS,iOS,0
2213,2021-03-29,United Kingdom,iOS,iOS,0
2437,2021-03-29,Israel,iOS,iOS,0
2491,2021-03-29,Mexico,iOS,iOS,0
2526,2021-03-29,United Kingdom,iOS,iOS,0
2661,2021-03-29,Mexico,iOS,iOS,0
2967,2021-03-29,Mexico,iOS,iOS,0
3004,2021-03-29,Japan,Android,Android,0
3209,2021-03-29,Mexico,iOS,iOS,0
3218,2021-03-29,Japan,iOS,iOS,0
3403,2021-03-29,United Kingdom,Android,Android,0
1088,2021-03-30,Israel,iOS,iOS,0
1136,2021-03-30,United Kingdom,Android,Android,0
1163,2021-03-30,United States,iOS,iOS,0
1235,2021-03-30,Israel,iOS,iOS,0
1242,2021-03-30,Mexico,iOS,iOS,0
1252,2021-03-30,United States,iOS,iOS,0
1456,2021-03-30,Israel,iOS,iOS,0
1959,2021-03-30,Israel,Android,Android,0
1970,2021-03-30,Mexico,iOS,iOS,0
2099,2021-03-30,Israel,iOS,iOS,0
2347,2021-03-30,United Kingdom,iOS,iOS,0
2424,2021-03-30,Israel,iOS,iOS,0
2528,2021-03-30,United States,Android,Android,0
2630,2021-03-30,Mexico,Android,Android,0
2656,2021-03-30,Israel,iOS,iOS,0
2746,2021-03-30,Japan,iOS,iOS,0
3172,2021-03-30,Mexico,iOS,iOS,0
3186,2021-03-30,United States,Android,Android,0
3254,2021-03-30,United States,iOS,iOS,0
3343,2021-03-30,Japan,iOS,iOS,0
3354,2021-03-30,Israel,Android,Android,0
1420,2021-03-31,Israel,iOS,iOS,0
1497,2021-03-31,United States,iOS,iOS,0
1517,2021-03-31,United Kingdom,iOS,iOS,0
1549,2021-03-31,United States,iOS,iOS,0
1689,2021-03-31,Mexico,iOS,iOS,0
1836,2021-03-31,United States,iOS,iOS,0
1861,2021-03-31,Israel,iOS,Android,0
2125,2021-03-31,Israel,iOS,iOS,1
2293,2021-03-31,Mexico,iOS,iOS,0
2317,2021-03-31,Mexico,iOS,iOS,0
2344,2021-03-31,United States,Android,Android,0
2402,2021-03-31,Mexico,iOS,iOS,0
2584,2021-03-31,Israel,iOS,iOS,0
2673,2021-03-31,United States,iOS,iOS,1
2839,2021-03-31,United Kingdom,iOS,iOS,0
2973,2021-03-31,Israel,iOS,iOS,0
3059,2021-03-31,United States,Android,Android,0
3093,2021-03-31,Mexico,iOS,iOS,0
3147,2021-03-31,Japan,iOS,iOS,0
3410,2021-03-31,United States,iOS,iOS,0
3419,2021-03-31,Japan,iOS,iOS,0
1029,2021-04-01,United Kingdom,iOS,iOS,1
1375,2021-04-01,United Kingdom,Android,Android,0
1609,2021-04-01,United Kingdom,Android,Android,0
2001,2021-04-01,United Kingdom,iOS,iOS,0
2022,2021-04-01,Japan,iOS,iOS,0
2377,2021-04-01,Israel,iOS,iOS,1
2668,2021-04-01,United States,iOS,iOS,0
2695,2021-04-01,United States,iOS,iOS,0
2793,2021-04-01,Israel,iOS,iOS,0
2963,2021-04-01,Mexico,Android,Android,0
3125,2021-04-01,Israel,iOS,iOS,0
3362,2021-04-01,Japan,iOS,iOS,0
1195,2021-04-02,Japan,iOS,iOS,0
1287,2021-04-02,Japan,iOS,iOS,1
1409,2021-04-02,Japan,iOS,iOS,0
1506,2021-04-02,United Kingdom,iOS,iOS,0
1519,2021-04-02,Mexico,iOS,Android,0
1869,2021-04-02,United Kingdom,iOS,iOS,0
1905,2021-04-02,United Kingdom,iOS,iOS,0
2124,2021-04-02,Mexico,iOS,iOS,0
2204,2021-04-02,Japan,iOS,iOS,0
2215,2021-04-02,Mexico,iOS,iOS,1
2297,2021-04-02,Israel,iOS,iOS,1
2425,2021-04-02,Mexico,iOS,iOS,0
2469,2021-04-02,Israel,iOS,iOS,1
2488,2021-04-02,Israel,Android,Android,0
2923,2021-04-02,United States,iOS,iOS,0
2953,2021-04-02,Mexico,Android,Android,0
2986,2021-04-02,United States,iOS,iOS,0
3306,2021-04-02,Japan,iOS,iOS,1
1000,2021-04-03,United States,Android,Android,0
1266,2021-04-03,United States,Android,Android,1
1565,2021-04-03,Israel,iOS,iOS,0
1574,2021-04-03,Israel,iOS,iOS,1
1717,2021-04-03,Israel,iOS,iOS,0
1770,2021-04-03,United Kingdom,iOS,iOS,1
1906,2021-04-03,United Kingdom,iOS,iOS,0
2282,2021-04-03,Japan,iOS,iOS,0
2440,2021-04-03,United Kingdom,Android,Android,0
2470,2021-04-03,United States,Android,Android,0
2523,2021-04-03,United States,Android,Android,0
2576,2021-04-03,United States,iOS,iOS,0
2671,2021-04-03,United Kingdom,iOS,iOS,1
2688,2021-04-03,Israel,iOS,iOS,0
2762,2021-04-03,United Kingdom,iOS,iOS,0
2827,2021-04-03,Israel,iOS,iOS,0
2852,2021-04-03,Japan,iOS,iOS,0
3329,2021-04-03,Israel,Android,Android,0
1108,2021-04-04,Mexico,iOS,iOS,0
1298,2021-04-04,United States,Android,Android,1
1388,2021-04-04,Mexico,Android,Android,0
1469,2021-04-04,Japan,iOS,iOS,0
1528,2021-04-04,Mexico,iOS,iOS,1
1599,2021-04-04,United Kingdom,iOS,iOS,0
1719,2021-04-04,Japan,iOS,iOS,1
1742,2021-04-04,United Kingdom,Android,Android,0
2076,2021-04-04,Israel,iOS,iOS,0
2107,2021-04-04,Israel,iOS,iOS,0
2323,2021-04-04,Israel,iOS,iOS,0
2387,2021-04-04,Israel,Android,Android,0
2706,2021-04-04,Japan,iOS,iOS,1
2829,2021-04-04,Mexico,iOS,iOS,0
3016,2021-04-04,Mexico,iOS,iOS,0
3070,2021-04-04,United Kingdom,iOS,iOS,0
3129,2021-04-04,United States,Android,Android,0
3289,2021-04-04,United Kingdom,Android,Android,0
3302,2021-04-04,Israel,iOS,iOS,1
3406,2021-04-04,Japan,iOS,iOS,1
1134,2021-04-05,Japan,iOS,iOS,0
1154,2021-04-05,Japan,Android,Android,0
1204,2021-04-05,Israel,iOS,iOS,0
1321,2021-04-05,United Kingdom,iOS,iOS,0
1418,2021-04-05,United Kingdom,iOS,iOS,0
1744,2021-04-05,Mexico,iOS,iOS,0
2071,2021-04-05,Japan,iOS,iOS,1
2191,2021-04-05,United States,Android,Android,0
2510,2021-04-05,Japan,Android,Android,0
2757,2021-04-05,United Kingdom,iOS,iOS,0
2929,2021-04-05,Mexico,iOS,iOS,0
2959,2021-04-05,Japan,iOS,iOS,0
3077,2021-04-05,United Kingdom,iOS,iOS,0
3097,2021-04-05,Japan,iOS,iOS,0
3226,2021-04-05,United States,Android,Android,0
3231,2021-04-05,Japan,iOS,iOS,1
3268,2021-04-05,United States,iOS,iOS,0
3303,2021-04-05,United States,iOS,iOS,0
1168,2021-04-06,Israel,iOS,iOS,0
1713,2021-04-06,United States,iOS,iOS,1
1874,2021-04-06,Israel,iOS,iOS,0
1930,2021-04-06,Japan,iOS,iOS,1
1988,2021-04-06,Israel,iOS,iOS,1
2137,2021-04-06,Israel,iOS,iOS,0
2184,2021-04-06,United States,iOS,iOS,0
2239,2021-04-06,United States,Android,Android,0
2436,2021-04-06,Israel,iOS,iOS,0
2590,2021-04-06,Israel,iOS,iOS,1
2855,2021-04-06,United States,iOS,iOS,0
2964,2021-04-06,United Kingdom,iOS,iOS,1
3088,2021-04-06,Japan,iOS,iOS,0
3105,2021-04-06,Mexico,iOS,iOS,1
3307,2021-04-06,Israel,iOS,iOS,1
1045,2021-04-07,United Kingdom,iOS,iOS,0
1081,2021-04-07,United States,Android,Android,0
1188,2021-04-07,United Kingdom,Android,Android,0
1295,2021-04-07,Japan,iOS,iOS,1
1352,2021-04-07,Mexico,iOS,iOS,0
1613,2021-04-07,United States,iOS,iOS,0
1777,2021-04-07,United Kingdom,Android,Android,0
1904,2021-04-07,United Kingdom,iOS,iOS,1
2168,2021-04-07,United States,iOS,iOS,0
2197,2021-04-07,Japan,iOS,iOS,0
2327,2021-04-07,United States,Android,Android,0
2481,2021-04-07,United Kingdom,iOS,iOS,0
2587,2021-04-07,Japan,iOS,iOS,1
2694,2021-04-07,Japan,iOS,iOS,1
2783,2021-04-07,United States,Android,Android,0
2801,2021-04-07,United Kingdom,iOS,iOS,0
2857,2021-04-07,Mexico,iOS,iOS,1
2998,2021-04-07,Japan,iOS,iOS,0
3019,2021-04-07,Mexico,iOS,iOS,1
3090,2021-04-07,Israel,iOS,iOS,0
1223,2021-04-08,United Kingdom,iOS,iOS,0
1598,2021-04-08,United Kingdom,Android,Android,0
1666,2021-04-08,United States,Android,Android,1
1723,2021-04-08,Israel,iOS,iOS,0
1725,2021-04-08,Japan,Android,Android,0
1772,2021-04-08,United States,iOS,Android,0
1841,2021-04-08,Israel,iOS,iOS,1
1908,2021-04-08,Mexico,iOS,iOS,1
1909,2021-04-08,Mexico,Android,Android,0
2255,2021-04-08,United Kingdom,iOS,iOS,0
2341,2021-04-08,Mexico,iOS,iOS,0
2657,2021-04-08,United States,Android,Android,0
2767,2021-04-08,Mexico,iOS,iOS,0
2781,2021-04-08,Israel,iOS,iOS,1
3132,2021-04-08,Japan,iOS,iOS,0
3395,2021-04-08,United Kingdom,Android,Android,0
1173,2021-04-09,Mexico,Android,Android,0
1216,2021-04-09,Mexico,Android,Android,0
1339,2021-04-09,Israel,Android,Android,0
1365,2021-04-09,Japan,iOS,iOS,0
1367,2021-04-09,Mexico,iOS,iOS,0
1505,2021-04-09,United States,Android,Android,0
1663,2021-04-09,Israel,iOS,iOS,1
1706,2021-04-09,United States,Android,Android,0
1711,2021-04-09,Japan,Android,Android,0
1815,2021-04-09,Japan,iOS,iOS,0
2221,2021-04-09,Japan,Android,Android,0
2386,2021-04-09,United States,iOS,iOS,0
2444,2021-04-09,United States,iOS,iOS,1
2786,2021-04-09,Mexico,iOS,iOS,1
2899,2021-04-09,United Kingdom,Android,Android,1
3297,2021-04-09,Japan,iOS,iOS,0
1144,2021-04-10,Israel,iOS,iOS,0
1423,2021-04-10,United States,Android,Android,0
1610,2021-04-10,Israel,iOS,iOS,0
2123,2021-04-10,United States,Android,Android,0
2147,2021-04-10,Japan,Android,Android,0
2228,2021-04-10,United States,Android,Android,0
2258,2021-04-10,United Kingdom,Android,Android,0
2314,2021-04-10,Israel,Android,Android,0
2442,2021-04-10,Israel,iOS,iOS,1
2574,2021-04-10,United States,Android,Android,0
2603,2021-04-10,United States,iOS,iOS,0
2725,2021-04-10,Mexico,Android,Android,0
2817,2021-04-10,Japan,Android,Android,0
2833,2021-04-10,Japan,Android,Android,0
2960,2021-04-10,United States,iOS,iOS,0
3187,2021-04-10,Mexico,iOS,iOS,0
3198,2021-04-10,Japan,iOS,iOS,0
3262,2021-04-10,Israel,Android,Android,0
1027,2021-04-11,United States,iOS,iOS,0
1107,2021-04-11,United Kingdom,Android,Android,0
1150,2021-04-11,Israel,iOS,iOS,0
1151,2021-04-11,Mexico,iOS,iOS,1
1588,2021-04-11,Israel,iOS,Android,0
1672,2021-04-11,United States,iOS,iOS,0
1884,2021-04-11,United Kingdom,Android,Android,0
1894,2021-04-11,Israel,iOS,iOS,0
2068,2021-04-11,Israel,iOS,iOS,0
2281,2021-04-11,Israel,iOS,iOS,1
2338,2021-04-11,Israel,iOS,Android,0
2368,2021-04-11,Israel,Android,Android,0
2679,2021-04-11,Israel,iOS,iOS,1
2771,2021-04-11,United Kingdom,Android,Android,0
2877,2021-04-11,Japan,Android,Android,1
2886,2021-04-11,United Kingdom,Android,Android,1
3018,2021-04-11,United Kingdom,Android,Android,0
3185,2021-04-11,Israel,Android,Android,0
3371,2021-04-11,Mexico,iOS,iOS,0
1097,2021-04-12,Japan,iOS,Android,0
1263,2021-04-12,Japan,iOS,iOS,1
1440,2021-04-12,Japan,iOS,iOS,0
1680,2021-04-12,United Kingdom,Android,Android,0
1745,2021-04-12,Japan,iOS,iOS,0
1816,2021-04-12,Japan,Android,Android,0
2150,2021-04-12,United Kingdom,Android,Android,0
2190,2021-04-12,Japan,Android,Android,0
2462,2021-04-12,United States,iOS,iOS,0
2703,2021-04-12,Israel,iOS,iOS,0
2890,2021-04-12,Japan,iOS,iOS,1
3158,2021-04-12,United States,iOS,iOS,0
3210,2021-04-12,United States,Android,Android,0
3219,2021-04-12,United States,iOS,iOS,1
3336,2021-04-12,United States,iOS,iOS,0
1126,2021-04-13,United States,Android,Android,0
1227,2021-04-13,United States,iOS,iOS,0
1280,2021-04-13,Mexico,Android,Android,1
1448,2021-04-13,Israel,iOS,Android,0
1535,2021-04-13,Japan,iOS,iOS,1
1601,2021-04-13,Mexico,iOS,iOS,0
1618,2021-04-13,Japan,iOS,iOS,1
2019,2021-04-13,Japan,iOS,iOS,1
2115,2021-04-13,United States,Android,Android,0
2271,2021-04-13,Israel,Android,Android,0
2538,2021-04-13,United Kingdom,iOS,iOS,0
2628,2021-04-13,Japan,iOS,iOS,0
3052,2021-04-13,Japan,iOS,iOS,1
3415,2021-04-13,United Kingdom,iOS,iOS,0
1019,2021-04-14,United States,Android,Android,0
1181,2021-04-14,Japan,iOS,iOS,0
1197,2021-04-14,United States,iOS,iOS,0
1390,2021-04-14,Israel,iOS,iOS,1
2005,2021-04-14,Mexico,Android,Android,0
2028,2021-04-14,Mexico,iOS,iOS,0
2041,2021-04-14,United Kingdom,iOS,iOS,0
2083,2021-04-14,Israel,Android,Android,0
2113,2021-04-14,Israel,iOS,iOS,0
2217,2021-04-14,Israel,iOS,iOS,0
2299,2021-04-14,Japan,iOS,iOS,1
2350,2021-04-14,Israel,iOS,iOS,0
2486,2021-04-14,Mexico,iOS,iOS,0
2517,2021-04-14,Israel,iOS,iOS,1
2672,2021-04-14,Mexico,iOS,iOS,0
3245,2021-04-14,Mexico,iOS,iOS,1
3313,2021-04-14,United States,Android,Android,0
1015,2021-04-15,United Kingdom,iOS,iOS,0
1277,2021-04-15,Israel,iOS,iOS,1
1289,2021-04-15,Israel,iOS,iOS,1
1372,2021-04-15,United Kingdom,iOS,iOS,0
1381,2021-04-15,United Kingdom,iOS,iOS,1
1652,2021-04-15,United Kingdom,Android,Android,0
1751,2021-04-15,United States,Android,Android,0
1804,2021-04-15,Israel,iOS,iOS,0
1954,2021-04-15,Israel,Android,Android,0
1997,2021-04-15,Israel,iOS,iOS,0
2309,2021-04-15,United States,iOS,iOS,1
2326,2021-04-15,United States,Android,Android,0
2352,2021-04-15,Japan,iOS,iOS,0
2395,2021-04-15,Mexico,Android,Android,0
2457,2021-04-15,United States,iOS,iOS,1
2497,2021-04-15,Japan,iOS,iOS,0
2589,2021-04-15,Israel,iOS,iOS,1
2901,2021-04-15,United States,iOS,iOS,1
3022,2021-04-15,United States,Android,Android,0
3169,2021-04-15,Japan,iOS,iOS,0
3205,2021-04-15,Israel,iOS,iOS,1
1237,2021-04-16,Mexico,Android,Android,1
1624,2021-04-16,Mexico,iOS,iOS,1
1649,2021-04-16,United Kingdom,iOS,iOS,0
2182,2021-04-16,United States,Android,Android,1
2192,2021-04-16,Japan,iOS,iOS,0
2401,2021-04-16,United Kingdom,iOS,iOS,1
2495,2021-04-16,United States,Android,Android,0
2507,2021-04-16,Israel,iOS,iOS,0
2702,2021-04-16,United Kingdom,iOS,iOS,0
2732,2021-04-16,Mexico,Android,Android,0
2825,2021-04-16,Japan,iOS,iOS,0
2897,2021-04-16,Mexico,iOS,iOS,1
2922,2021-04-16,Mexico,Android,Android,0
3111,2021-04-16,Mexico,iOS,iOS,1
1010,2021-04-17,Japan,iOS,iOS,1
1394,2021-04-17,Japan,iOS,iOS,0
1522,2021-04-17,Israel,iOS,iOS,1
1579,2021-04-17,United Kingdom,iOS,iOS,0
2193,2021-04-17,Mexico,iOS,iOS,0
3163,2021-04-17,Japan,iOS,iOS,1
3236,2021-04-17,Israel,iOS,iOS,0
1137,2021-04-18,United Kingdom,Android,Android,0
1340,2021-04-18,United Kingdom,iOS,iOS,0
1396,2021-04-18,Japan,iOS,iOS,1
1696,2021-04-18,Israel,iOS,iOS,0
1748,2021-04-18,Mexico,iOS,Android,0
2140,2021-04-18,United States,Android,Android,0
2439,2021-04-18,Israel,iOS,iOS,0
2572,2021-04-18,United States,Android,Android,0
2655,2021-04-18,Israel,Android,Android,0
2756,2021-04-18,United Kingdom,iOS,iOS,0
3159,2021-04-18,Japan,iOS,iOS,1
1318,2021-04-19,United States,Android,Android,0
1493,2021-04-19,United States,iOS,iOS,0
1503,2021-04-19,Israel,iOS,iOS,0
1729,2021-04-19,Israel,iOS,iOS,0
1761,2021-04-19,Mexico,Android,Android,0
1856,2021-04-19,Mexico,iOS,iOS,0
2075,2021-04-19,United States,iOS,iOS,1
2148,2021-04-19,United States,iOS,Android,0
2311,2021-04-19,United States,Android,Android,0
2432,2021-04-19,United Kingdom,iOS,iOS,1
2505,2021-04-19,Israel,iOS,iOS,0
2514,2021-04-19,United Kingdom,iOS,iOS,0
2593,2021-04-19,United States,iOS,iOS,1
2624,2021-04-19,United States,Android,Android,0
2685,2021-04-19,Israel,iOS,iOS,0
2708,2021-04-19,United Kingdom,Android,Android,0
2920,2021-04-19,United Kingdom,iOS,iOS,0
3160,2021-04-19,United Kingdom,iOS,iOS,1
3192,2021-04-19,Japan,iOS,iOS,0
1471,2021-04-20,United States,Android,Android,0
1514,2021-04-20,United Kingdom,Android,Android,0
1570,2021-04-20,Israel,Android,Android,0
1627,2021-04-20,Japan,iOS,iOS,0
1629,2021-04-20,Japan,Android,Android,0
1682,2021-04-20,Mexico,Android,Android,0
1768,2021-04-20,United States,iOS,iOS,0
1919,2021-04-20,United Kingdom,iOS,iOS,0
2000,2021-04-20,Israel,iOS,iOS,0
2033,2021-04-20,United Kingdom,iOS,iOS,0
2074,2021-04-20,Japan,iOS,iOS,0
2079,2021-04-20,Israel,iOS,Android,0
2084,2021-04-20,Israel,Android,Android,0
2208,2021-04-20,United Kingdom,iOS,iOS,0
2214,2021-04-20,Israel,iOS,iOS,1
2689,2021-04-20,Japan,iOS,iOS,0
2766,2021-04-20,United States,iOS,iOS,1
3380,2021-04-20,Israel,Android,Android,0
1012,2021-04-21,Israel,iOS,iOS,0
1110,2021-04-21,Mexico,Android,Android,0
1198,2021-04-21,Mexico,iOS,iOS,0
1200,2021-04-21,Israel,iOS,iOS,0
1283,2021-04-21,Israel,iOS,iOS,1
1658,2021-04-21,Israel,iOS,iOS,0
1762,2021-04-21,Mexico,Android,Android,0
2017,2021-04-21,Japan,Android,Android,0
2144,2021-04-21,United Kingdom,Android,Android,0
2171,2021-04-21,Israel,iOS,iOS,0
2257,2021-04-21,Japan,iOS,Android,0
2318,2021-04-21,United Kingdom,iOS,iOS,0
2367,2021-04-21,United Kingdom,iOS,iOS,1
2372,2021-04-21,United States,iOS,iOS,0
2452,2021-04-21,United Kingdom,iOS,iOS,0
2516,2021-04-21,United Kingdom,iOS,iOS,0
2621,2021-04-21,Japan,iOS,iOS,1
2625,2021-04-21,United States,Android,Android,0
2969,2021-04-21,United States,Android,Android,0
3009,2021-04-21,Japan,Android,Android,0
3184,2021-04-21,Israel,iOS,iOS,0
1302,2021-04-22,United States,Android,Android,0
1550,2021-04-22,Japan,iOS,iOS,0
1665,2021-04-22,United Kingdom,iOS,iOS,1
1694,2021-04-22,Japan,iOS,iOS,0
2035,2021-04-22,Israel,Android,Android,0
2216,2021-04-22,United States,iOS,iOS,0
2244,2021-04-22,Israel,iOS,iOS,1
2248,2021-04-22,United Kingdom,iOS,iOS,0
2653,2021-04-22,Israel,iOS,iOS,0
2665,2021-04-22,United Kingdom,Android,Android,0
2864,2021-04-22,Israel,iOS,iOS,0
2933,2021-04-22,Israel,Android,Android,0
3057,2021-04-22,Israel,Android,Android,0
3078,2021-04-22,United Kingdom,Android,Android,0
3141,2021-04-22,Japan,iOS,iOS,1
3259,2021-04-22,Mexico,Android,Android,0
3320,2021-04-22,Japan,iOS,iOS,0
3345,2021-04-22,United States,Android,Android,0
3368,2021-04-22,Japan,iOS,iOS,0
1022,2021-04-23,Israel,iOS,iOS,0
1049,2021-04-23,Japan,iOS,iOS,0
1087,2021-04-23,United States,Android,Android,0
1212,2021-04-23,Japan,iOS,iOS,0
1254,2021-04-23,United Kingdom,Android,Android,1
1444,2021-04-23,Mexico,Android,Android,0
1544,2021-04-23,United States,Android,Android,0
1676,2021-04-23,Israel,iOS,Android,0
1738,2021-04-23,Israel,iOS,iOS,0
1775,2021-04-23,United Kingdom,iOS,iOS,1
1800,2021-04-23,Japan,iOS,iOS,1
1946,2021-04-23,Israel,iOS,iOS,0
2032,2021-04-23,Israel,iOS,iOS,0
2275,2021-04-23,Mexico,iOS,iOS,1
2741,2021-04-23,Israel,iOS,iOS,0
3025,2021-04-23,Japan,iOS,iOS,0
3296,2021-04-23,Japan,iOS,iOS,0
3332,2021-04-23,Japan,Android,Android,0
1292,2021-04-24,Japan,Android,Android,1
1778,2021-04-24,Mexico,Android,Android,0
1871,2021-04-24,Israel,iOS,Android,0
2009,2021-04-24,Israel,iOS,iOS,0
2162,2021-04-24,Israel,Android,Android,0
2260,2021-04-24,Israel,iOS,iOS,0
2307,2021-04-24,Israel,iOS,iOS,1
2713,2021-04-24,Japan,iOS,iOS,0
2873,2021-04-24,Mexico,Android,Android,0
3166,2021-04-24,Israel,iOS,iOS,0
3364,2021-04-24,Mexico,iOS,iOS,0
1317,2021-04-25,Mexico,iOS,iOS,0
1460,2021-04-25,Japan,iOS,iOS,0
1593,2021-04-25,Israel,iOS,iOS,0
1675,2021-04-25,Japan,iOS,iOS,0
1714,2021-04-25,United Kingdom,Android,Android,0
1844,2021-04-25,United Kingdom,iOS,iOS,0
2060,2021-04-25,United States,iOS,iOS,0
2180,2021-04-25,United Kingdom,Android,Android,0
2202,2021-04-25,Japan,Android,Android,0
2206,2021-04-25,United States,iOS,iOS,0
2230,2021-04-25,Israel,iOS,iOS,0
2231,2021-04-25,Israel,iOS,iOS,0
2508,2021-04-25,Japan,Android,Android,0
2805,2021-04-25,Mexico,Android,Android,0
2816,2021-04-25,United States,Android,Android,0
2851,2021-04-25,United States,Android,Android,0
3008,2021-04-25,Israel,iOS,iOS,0
3061,2021-04-25,Mexico,iOS,iOS,0
3177,2021-04-25,Japan,Android,Android,0
3180,2021-04-25,United Kingdom,iOS,iOS,0
3255,2021-04-25,Israel,Android,Android,0
1392,2021-04-26,Japan,iOS,iOS,0
1661,2021-04-26,United States,iOS,iOS,0
1890,2021-04-26,United Kingdom,Android,Android,0
2108,2021-04-26,Israel,iOS,iOS,0
2284,2021-04-26,Mexico,Android,Android,0
2638,2021-04-26,Israel,iOS,iOS,0
2640,2021-04-26,United Kingdom,Android,Android,0
2680,2021-04-26,United States,Android,Android,0
1098,2021-04-27,United Kingdom,Android,Android,0
1130,2021-04-27,Israel,iOS,iOS,0
1275,2021-04-27,Mexico,iOS,iOS,0
1640,2021-04-27,United States,iOS,iOS,0
1849,2021-04-27,Mexico,iOS,iOS,0
1984,2021-04-27,Israel,iOS,iOS,0
1989,2021-04-27,United Kingdom,iOS,iOS,0
1999,2021-04-27,United States,iOS,iOS,0
3154,2021-04-27,United States,iOS,iOS,0
1060,2021-04-28,Mexico,Android,iOS,0
1479,2021-04-28,Mexico,iOS,iOS,0
1485,2021-04-28,United States,iOS,iOS,0
2094,2021-04-28,Japan,iOS,iOS,0
2430,2021-04-28,Japan,iOS,iOS,0
2777,2021-04-28,Israel,iOS,Android,0
1008,2021-04-29,United Kingdom,Android,Android,0
1020,2021-04-29,Japan,iOS,iOS,0
1422,2021-04-29,Japan,iOS,iOS,0
1524,2021-04-29,Japan,iOS,iOS,0
1548,2021-04-29,Japan,iOS,iOS,0
1709,2021-04-29,Israel,Android,Android,0
1783,2021-04-29,Israel,iOS,iOS,0
1863,2021-04-29,Japan,iOS,iOS,0
2241,2021-04-29,Japan,iOS,iOS,0
2268,2021-04-29,Japan,Android,Android,0
2417,2021-04-29,Israel,iOS,iOS,0
2609,2021-04-29,Mexico,iOS,iOS,0
3281,2021-04-29,Israel,Android,Android,1
1246,2021-04-30,United States,Android,Android,0
1442,2021-04-30,Israel,iOS,iOS,0
1501,2021-04-30,United Kingdom,iOS,iOS,0
1568,2021-04-30,United Kingdom,iOS,iOS,0
1785,2021-04-30,Mexico,Android,Android,0
1937,2021-04-30,Japan,iOS,iOS,0
1965,2021-04-30,Israel,iOS,iOS,0
2015,2021-04-30,United States,iOS,iOS,0
2021,2021-04-30,Israel,iOS,iOS,0
2119,2021-04-30,United States,iOS,iOS,0
2223,2021-04-30,Japan,Android,Android,0
2518,2021-04-30,Mexico,iOS,iOS,0
2730,2021-04-30,United States,Android,Android,0
2995,2021-04-30,Israel,iOS,iOS,0
3317,2021-04-30,Mexico,iOS,iOS,0
3337,2021-04-30,Israel,Android,Android,0
3381,2021-04-30,Japan,iOS,iOS,0
1164,2021-05-01,United States,iOS,iOS,0
1520,2021-05-01,United States,Android,Android,0
1667,2021-05-01,Japan,iOS,iOS,0
1705,2021-05-01,Mexico,Android,Android,0
2617,2021-05-01,Israel,iOS,iOS,0
2894,2021-05-01,Mexico,iOS,iOS,1
3183,2021-05-01,United States,iOS,iOS,0
3229,2021-05-01,Japan,iOS,iOS,0
1226,2021-05-02,Israel,iOS,iOS,0
1566,2021-05-02,United Kingdom,iOS,iOS,0
1654,2021-05-02,Israel,iOS,iOS,0
1882,2021-05-02,United Kingdom,iOS,iOS,0
1901,2021-05-02,United States,iOS,iOS,0
2025,2021-05-02,Mexico,iOS,iOS,0
2411,2021-05-02,United States,iOS,iOS,0
2580,2021-05-02,United States,iOS,iOS,0
2610,2021-05-02,Mexico,iOS,Android,0
2704,2021-05-02,United Kingdom,iOS,iOS,0
2782,2021-05-02,Japan,iOS,iOS,0
2849,2021-05-02,Mexico,iOS,Android,0
2892,2021-05-02,United States,iOS,iOS,0
2938,2021-05-02,Israel,iOS,iOS,0
3024,2021-05-02,United States,iOS,iOS,0
3062,2021-05-02,Japan,iOS,iOS,0
3161,2021-05-02,Japan,iOS,iOS,0
3173,2021-05-02,Japan,iOS,iOS,0
3340,2021-05-02,Mexico,iOS,iOS,0
1161,2021-05-03,Mexico,iOS,iOS,0
1281,2021-05-03,Israel,iOS,iOS,0
1343,2021-05-03,United Kingdom,iOS,iOS,0
1466,2021-05-03,Israel,iOS,iOS,0
1582,2021-05-03,Mexico,Android,Android,0
1698,2021-05-03,Mexico,iOS,iOS,0
1703,2021-05-03,Japan,iOS,iOS,0
1728,2021-05-03,United States,Android,Android,0
1939,2021-05-03,United States,iOS,iOS,0
2010,2021-05-03,United Kingdom,iOS,iOS,0
2077,2021-05-03,Japan,iOS,Android,0
2618,2021-05-03,United Kingdom,Android,Android,0
2790,2021-05-03,Israel,iOS,iOS,0
3112,2021-05-03,Japan,iOS,iOS,0
3130,2021-05-03,Mexico,iOS,iOS,0
1415,2021-05-04,Mexico,iOS,iOS,0
1799,2021-05-04,Israel,iOS,iOS,0
1936,2021-05-04,Israel,iOS,iOS,0
2201,2021-05-04,Israel,iOS,iOS,0
2496,2021-05-04,Mexico,iOS,iOS,0
2613,2021-05-04,Japan,iOS,iOS,0
2639,2021-05-04,Mexico,iOS,iOS,0
2650,2021-05-04,Japan,iOS,iOS,0
2837,2021-05-04,United States,Android,Android,0
2870,2021-05-04,Mexico,iOS,iOS,1
3071,2021-05-04,Israel,iOS,iOS,0
3396,2021-05-04,Mexico,iOS,iOS,0
1158,2021-05-05,Israel,iOS,iOS,0
1474,2021-05-05,Israel,iOS,iOS,0
1545,2021-05-05,Israel,iOS,iOS,0
1746,2021-05-05,Japan,iOS,iOS,0
1924,2021-05-05,Israel,iOS,Android,0
2194,2021-05-05,Israel,iOS,iOS,0
2237,2021-05-05,United States,iOS,iOS,0
2360,2021-05-05,United Kingdom,Android,Android,0
2906,2021-05-05,Japan,iOS,iOS,1
3013,2021-05-05,Japan,iOS,iOS,0
3152,2021-05-05,Israel,iOS,iOS,0
3164,2021-05-05,United Kingdom,iOS,iOS,0
3222,2021-05-05,Mexico,Android,Android,0
1025,2021-05-06,Japan,iOS,iOS,0
1093,2021-05-06,United States,iOS,iOS,0
1274,2021-05-06,United Kingdom,iOS,iOS,1
1554,2021-05-06,Japan,iOS,iOS,0
1704,2021-05-06,Israel,Android,iOS,0
2273,2021-05-06,Israel,iOS,iOS,0
2392,2021-05-06,United Kingdom,iOS,iOS,0
2405,2021-05-06,Mexico,Android,Android,0
2466,2021-05-06,Japan,Android,Android,0
2720,2021-05-06,Israel,iOS,iOS,0
2795,2021-05-06,Japan,iOS,iOS,0
2834,2021-05-06,Israel,iOS,iOS,0
2900,2021-05-06,Israel,iOS,iOS,1
3108,2021-05-06,Israel,Android,Android,0
3146,2021-05-06,United States,Android,Android,0
3242,2021-05-06,Japan,iOS,iOS,0
3276,2021-05-06,United Kingdom,iOS,iOS,0
1482,2021-05-07,United States,iOS,iOS,0
1934,2021-05-07,United Kingdom,Android,Android,1
1945,2021-05-07,United States,Android,Android,0
2188,2021-05-07,Mexico,Android,Android,0
2332,2021-05-07,Mexico,Android,Android,0
2340,2021-05-07,Israel,Android,Android,0
2364,2021-05-07,United States,Android,Android,1
2403,2021-05-07,United States,iOS,iOS,0
2454,2021-05-07,Israel,iOS,iOS,0
2500,2021-05-07,Israel,iOS,iOS,0
2549,2021-05-07,United Kingdom,iOS,iOS,0
2666,2021-05-07,Israel,Android,Android,0
2716,2021-05-07,Japan,iOS,iOS,0
2965,2021-05-07,Israel,iOS,iOS,0
3005,2021-05-07,Mexico,iOS,iOS,0
3036,2021-05-07,Japan,iOS,iOS,0
3321,2021-05-07,Israel,iOS,iOS,0
3412,2021-05-07,Israel,iOS,iOS,0
1055,2021-05-08,Israel,iOS,iOS,0
1086,2021-05-08,United Kingdom,iOS,iOS,0
1240,2021-05-08,Israel,iOS,iOS,0
1459,2021-05-08,Japan,iOS,iOS,0
1914,2021-05-08,Japan,iOS,iOS,0
1987,2021-05-08,Israel,iOS,iOS,0
2853,2021-05-08,Israel,iOS,iOS,0
2992,2021-05-08,Japan,iOS,iOS,0
1120,2021-05-09,Israel,iOS,iOS,0
1258,2021-05-09,Israel,iOS,iOS,0
1264,2021-05-09,Japan,iOS,iOS,1
1447,2021-05-09,United States,iOS,iOS,0
1692,2021-05-09,United States,iOS,iOS,0
1810,2021-05-09,United States,iOS,iOS,0
1832,2021-05-09,Japan,iOS,iOS,0
2087,2021-05-09,Israel,iOS,iOS,0
2178,2021-05-09,Mexico,iOS,iOS,0
2277,2021-05-09,Israel,iOS,iOS,0
2569,2021-05-09,United States,iOS,iOS,0
2764,2021-05-09,United Kingdom,iOS,iOS,0
3121,2021-05-09,Japan,iOS,iOS,0
3335,2021-05-09,Israel,iOS,iOS,0
1374,2021-05-10,Mexico,iOS,iOS,0
1948,2021-05-10,Mexico,iOS,iOS,0
2136,2021-05-10,United States,iOS,iOS,0
2570,2021-05-10,United Kingdom,iOS,iOS,0
2845,2021-05-10,United States,iOS,Android,0
2866,2021-05-10,United Kingdom,iOS,iOS,1
2903,2021-05-10,Japan,iOS,iOS,0
3021,2021-05-10,Israel,iOS,iOS,0
3046,2021-05-10,Mexico,iOS,iOS,0
1070,2021-05-11,United States,iOS,iOS,0
1487,2021-05-11,United States,iOS,iOS,0
1632,2021-05-11,Japan,iOS,iOS,0
1864,2021-05-11,Japan,iOS,iOS,0
1876,2021-05-11,Japan,iOS,Android,0
1918,2021-05-11,United States,iOS,iOS,0
2170,2021-05-11,Mexico,iOS,iOS,0
2266,2021-05-11,Israel,iOS,iOS,0
2330,2021-05-11,Japan,iOS,iOS,0
2506,2021-05-11,Israel,iOS,iOS,0
2575,2021-05-11,Israel,iOS,iOS,0
2840,2021-05-11,Israel,iOS,iOS,0
3054,2021-05-11,United States,iOS,iOS,0
1080,2021-05-12,United States,iOS,iOS,0
1273,2021-05-12,Japan,iOS,iOS,1
1370,2021-05-12,Mexico,iOS,iOS,0
1538,2021-05-12,Israel,iOS,iOS,0
1643,2021-05-12,United States,iOS,iOS,0
1831,2021-05-12,Israel,iOS,iOS,0
1913,2021-05-12,Mexico,iOS,iOS,0
2054,2021-05-12,United States,iOS,iOS,0
2135,2021-05-12,Japan,iOS,iOS,0
2482,2021-05-12,Israel,iOS,iOS,0
2499,2021-05-12,United Kingdom,iOS,iOS,0
2910,2021-05-12,United States,iOS,iOS,0
2919,2021-05-12,United Kingdom,iOS,iOS,0
2958,2021-05-12,Israel,iOS,iOS,0
3126,2021-05-12,Israel,iOS,iOS,0
3223,2021-05-12,Mexico,iOS,iOS,0
3359,2021-05-12,Mexico,iOS,iOS,0
3372,2021-05-12,United States,iOS,iOS,0
1116,2021-05-13,Israel,iOS,iOS,0
1255,2021-05-13,Japan,iOS,iOS,0
1336,2021-05-13,United States,iOS,iOS,0
1576,2021-05-13,United Kingdom,iOS,iOS,0
1594,2021-05-13,United States,iOS,iOS,0
1774,2021-05-13,Mexico,iOS,iOS,0
1879,2021-05-13,United States,iOS,iOS,0
2272,2021-05-13,Japan,iOS,iOS,0
2303,2021-05-13,Japan,iOS,iOS,0
2752,2021-05-13,United Kingdom,iOS,iOS,0
3064,2021-05-13,Japan,iOS,iOS,0
3069,2021-05-13,United States,iOS,iOS,0
3087,2021-05-13,Japan,iOS,iOS,0
3405,2021-05-13,Mexico,iOS,iOS,0
1128,2021-05-14,Japan,iOS,Android,0
1225,2021-05-14,United States,iOS,iOS,0
1257,2021-05-14,Israel,iOS,iOS,0
1355,2021-05-14,United Kingdom,iOS,iOS,0
1387,2021-05-14,Japan,iOS,iOS,0
1405,2021-05-14,United Kingdom,iOS,iOS,0
1425,2021-05-14,United Kingdom,iOS,iOS,0
1806,2021-05-14,Japan,iOS,iOS,0
2447,2021-05-14,Israel,iOS,iOS,0
2478,2021-05-14,Japan,iOS,iOS,0
1210,2021-05-15,Japan,iOS,iOS,0
1215,2021-05-15,United States,iOS,iOS,0
1335,2021-05-15,Japan,iOS,iOS,0
1656,2021-05-15,United States,iOS,iOS,0
1755,2021-05-15,United Kingdom,iOS,iOS,0
1961,2021-05-15,United States,iOS,iOS,0
2256,2021-05-15,United States,iOS,iOS,0
2467,2021-05-15,United Kingdom,iOS,iOS,0
2701,2021-05-15,Mexico,iOS,iOS,0
2802,2021-05-15,United States,iOS,iOS,0
2949,2021-05-15,Japan,iOS,iOS,0
3020,2021-05-15,Mexico,iOS,iOS,0
3342,2021-05-15,Japan,iOS,iOS,0
1507,2021-05-16,Israel,iOS,iOS,0
1523,2021-05-16,United States,iOS,iOS,0
1695,2021-05-16,Japan,iOS,iOS,0
1739,2021-05-16,Israel,iOS,iOS,0
1808,2021-05-16,United States,iOS,iOS,0
1981,2021-05-16,Israel,iOS,iOS,0
2915,2021-05-16,Japan,iOS,iOS,0
3026,2021-05-16,Israel,iOS,iOS,0
3305,2021-05-16,United Kingdom,iOS,iOS,0
1213,2021-05-17,Israel,iOS,iOS,0
1432,2021-05-17,Japan,iOS,iOS,0
1500,2021-05-17,Mexico,iOS,iOS,0
1878,2021-05-17,Israel,iOS,iOS,0
2353,2021-05-17,Japan,iOS,iOS,0
2484,2021-05-17,Israel,iOS,iOS,0
2560,2021-05-17,United States,iOS,iOS,0
2652,2021-05-17,Japan,iOS,iOS,0
1229,2021-05-18,Israel,iOS,iOS,0
1319,2021-05-18,United States,iOS,iOS,0
1436,2021-05-18,Japan,iOS,iOS,0
1513,2021-05-18,United States,iOS,iOS,0
1531,2021-05-18,Israel,iOS,iOS,0
1805,2021-05-18,Japan,iOS,iOS,0
2176,2021-05-18,United Kingdom,iOS,iOS,0
2348,2021-05-18,United Kingdom,iOS,iOS,0
2544,2021-05-18,United Kingdom,iOS,iOS,0
2798,2021-05-18,Israel,iOS,iOS,0
2902,2021-05-18,Japan,iOS,iOS,0
3042,2021-05-18,United Kingdom,iOS,iOS,0
3179,2021-05-18,Israel,iOS,iOS,0
3392,2021-05-18,Israel,iOS,iOS,0
1286,2021-05-19,Israel,iOS,iOS,1
1650,2021-05-19,Japan,iOS,iOS,0
1668,2021-05-19,Japan,iOS,iOS,0
1817,2021-05-19,Israel,iOS,iOS,0
2104,2021-05-19,United Kingdom,iOS,iOS,0
2146,2021-05-19,Mexico,iOS,Android,0
2842,2021-05-19,Japan,iOS,iOS,0
3047,2021-05-19,Israel,iOS,iOS,0
3063,2021-05-19,United States,iOS,iOS,0
3089,2021-05-19,Israel,iOS,iOS,0
3361,2021-05-19,Japan,iOS,iOS,0
1201,2021-05-20,United States,iOS,iOS,0
1553,2021-05-20,Israel,iOS,iOS,0
1942,2021-05-20,Israel,iOS,iOS,0
2018,2021-05-20,Israel,iOS,iOS,0
2522,2021-05-20,Israel,iOS,iOS,0
2571,2021-05-20,Israel,iOS,iOS,0
2585,2021-05-20,Mexico,iOS,iOS,0
2619,2021-05-20,United States,iOS,iOS,0
2709,2021-05-20,United Kingdom,iOS,iOS,0
2815,2021-05-20,United States,iOS,iOS,0
1221,2021-05-21,Japan,iOS,iOS,0
1502,2021-05-21,Japan,iOS,iOS,0
1592,2021-05-21,United Kingdom,iOS,iOS,0
1721,2021-05-21,Israel,iOS,iOS,0
1979,2021-05-21,United States,iOS,iOS,0
2380,2021-05-21,United Kingdom,iOS,Android,0
2413,2021-05-21,United States,iOS,iOS,0
2539,2021-05-21,Israel,iOS,iOS,0
2879,2021-05-21,Japan,iOS,iOS,0
2880,2021-05-21,Israel,iOS,iOS,0
3298,2021-05-21,Israel,iOS,iOS,0
1230,2021-05-22,Japan,iOS,iOS,0
1244,2021-05-22,Israel,iOS,iOS,1
1322,2021-05-22,United Kingdom,iOS,iOS,0
1376,2021-05-22,Israel,iOS,iOS,0
1928,2021-05-22,Japan,iOS,iOS,0
2199,2021-05-22,Israel,iOS,iOS,0
2270,2021-05-22,Mexico,iOS,Android,0
2823,2021-05-22,Japan,iOS,iOS,0
2861,2021-05-22,Mexico,iOS,iOS,0
2987,2021-05-22,Israel,iOS,iOS,0
3006,2021-05-22,Israel,iOS,iOS,0
3272,2021-05-22,Mexico,iOS,iOS,0
1062,2021-05-23,Japan,iOS,iOS,0
1315,2021-05-23,Mexico,iOS,iOS,0
1369,2021-05-23,Israel,iOS,iOS,0
1438,2021-05-23,United Kingdom,iOS,iOS,0
1586,2021-05-23,Israel,iOS,iOS,0
1822,2021-05-23,Israel,iOS,iOS,0
1853,2021-05-23,Japan,iOS,Android,0
1880,2021-05-23,Mexico,iOS,Android,0
1982,2021-05-23,Israel,iOS,iOS,0
2433,2021-05-23,Mexico,iOS,iOS,0
2487,2021-05-23,Israel,iOS,Android,1
2535,2021-05-23,United Kingdom,iOS,iOS,0
2865,2021-05-23,United Kingdom,iOS,iOS,0
2911,2021-05-23,United Kingdom,iOS,iOS,0
2977,2021-05-23,United Kingdom,iOS,iOS,0
3422,2021-05-23,Israel,iOS,iOS,0
1074,2021-05-24,Japan,iOS,iOS,0
1693,2021-05-24,Israel,iOS,iOS,0
1787,2021-05-24,Mexico,iOS,iOS,0
1796,2021-05-24,Israel,iOS,iOS,0
1847,2021-05-24,United Kingdom,iOS,iOS,0
1915,2021-05-24,United States,iOS,iOS,0
2286,2021-05-24,Japan,iOS,iOS,0
2316,2021-05-24,Israel,iOS,iOS,0
2559,2021-05-24,Japan,iOS,iOS,0
3339,2021-05-24,United States,iOS,iOS,0
3374,2021-05-24,Mexico,iOS,iOS,0
1155,2021-05-25,United Kingdom,iOS,iOS,0
1516,2021-05-25,United States,iOS,iOS,0
1626,2021-05-25,United Kingdom,iOS,iOS,0
2026,2021-05-25,Mexico,iOS,iOS,0
2111,2021-05-25,Japan,iOS,iOS,0
2361,2021-05-25,Israel,iOS,iOS,0
2390,2021-05-25,Israel,iOS,iOS,0
2530,2021-05-25,United States,iOS,iOS,0
3151,2021-05-25,Mexico,iOS,iOS,0
3176,2021-05-25,Israel,iOS,iOS,0
1071,2021-05-26,Israel,iOS,iOS,0
1441,2021-05-26,Israel,iOS,iOS,0
1580,2021-05-26,United Kingdom,iOS,iOS,0
1935,2021-05-26,Israel,iOS,iOS,0
2102,2021-05-26,United States,iOS,iOS,0
2139,2021-05-26,Japan,iOS,iOS,0
2324,2021-05-26,Mexico,iOS,iOS,0
2354,2021-05-26,United Kingdom,iOS,Android,0
2370,2021-05-26,United Kingdom,iOS,iOS,0
2441,2021-05-26,United States,iOS,iOS,0
3251,2021-05-26,Japan,iOS,iOS,0
3273,2021-05-26,United States,iOS,iOS,0
3360,2021-05-26,United Kingdom,iOS,iOS,0
3390,2021-05-26,Mexico,iOS,iOS,0
3402,2021-05-26,Israel,iOS,iOS,0
1174,2021-05-27,Israel,iOS,iOS,0
1583,2021-05-27,Japan,iOS,iOS,0
1771,2021-05-27,United Kingdom,iOS,iOS,0
2110,2021-05-27,Mexico,iOS,iOS,0
2262,2021-05-27,Mexico,iOS,iOS,0
2415,2021-05-27,Israel,iOS,iOS,0
2460,2021-05-27,Israel,iOS,iOS,0
2468,2021-05-27,Mexico,iOS,iOS,0
2501,2021-05-27,Israel,iOS,iOS,0
2676,2021-05-27,Mexico,iOS,iOS,0
2759,2021-05-27,Israel,iOS,iOS,0
2935,2021-05-27,Mexico,iOS,iOS,0
2971,2021-05-27,Japan,iOS,iOS,0
3094,2021-05-27,Japan,iOS,iOS,0
3134,2021-05-27,Israel,iOS,iOS,0
1023,2021-05-28,Japan,iOS,iOS,0
1125,2021-05-28,Israel,iOS,iOS,0
1208,2021-05-28,Israel,iOS,iOS,0
1575,2021-05-28,Japan,iOS,iOS,0
1888,2021-05-28,Israel,iOS,iOS,0
1951,2021-05-28,Japan,iOS,iOS,0
2090,2021-05-28,Mexico,iOS,iOS,0
2319,2021-05-28,Mexico,iOS,iOS,0
2596,2021-05-28,Japan,iOS,iOS,0
2705,2021-05-28,United States,iOS,iOS,0
2737,2021-05-28,Japan,iOS,Android,1
2970,2021-05-28,United States,iOS,iOS,0
3261,2021-05-28,Israel,iOS,iOS,0
3294,2021-05-28,Mexico,iOS,Android,0
3333,2021-05-28,United Kingdom,iOS,iOS,0
3353,2021-05-28,United Kingdom,iOS,iOS,0
3413,2021-05-28,Mexico,iOS,iOS,0
3416,2021-05-28,United States,iOS,iOS,0
1004,2021-05-29,United States,iOS,iOS,0
1170,2021-05-29,Mexico,iOS,iOS,0
1293,2021-05-29,Israel,iOS,Android,1
1408,2021-05-29,United States,iOS,iOS,0
1637,2021-05-29,Japan,iOS,iOS,0
1826,2021-05-29,Israel,iOS,iOS,0
2065,2021-05-29,Israel,iOS,iOS,0
2154,2021-05-29,Japan,iOS,iOS,0
2210,2021-05-29,United States,iOS,iOS,0
2369,2021-05-29,Mexico,iOS,iOS,0
2456,2021-05-29,Japan,iOS,iOS,0
2674,2021-05-29,Mexico,iOS,iOS,0
3038,2021-05-29,Israel,iOS,iOS,0
3075,2021-05-29,Japan,iOS,iOS,0
1117,2021-05-30,Japan,iOS,iOS,0
1160,2021-05-30,Mexico,iOS,iOS,0
1243,2021-05-30,Mexico,iOS,iOS,0
1267,2021-05-30,United Kingdom,iOS,iOS,1
1393,2021-05-30,Israel,iOS,iOS,0
1412,2021-05-30,Mexico,iOS,iOS,0
1452,2021-05-30,United States,iOS,iOS,0
1467,2021-05-30,Israel,iOS,iOS,0
2225,2021-05-30,Japan,iOS,iOS,0
2276,2021-05-30,Japan,iOS,iOS,0
2305,2021-05-30,Israel,iOS,iOS,0
2794,2021-05-30,Israel,iOS,iOS,0
2946,2021-05-30,Israel,iOS,iOS,0
3010,2021-05-30,Israel,iOS,iOS,0
3238,2021-05-30,United States,iOS,iOS,0
1453,2021-05-31,United States,iOS,iOS,0
1602,2021-05-31,Israel,iOS,iOS,0
2126,2021-05-31,United Kingdom,iOS,iOS,0
2388,2021-05-31,Mexico,iOS,iOS,0
2416,2021-05-31,Israel,iOS,iOS,0
2536,2021-05-31,United Kingdom,iOS,iOS,0
2803,2021-05-31,Israel,iOS,iOS,0
3383,2021-05-31,United States,iOS,iOS,0
